지역,시군구,읍면동,상세주소,구분,장소유형,위도,경도
인천광역시,강화군,동검도,강화군 동검도 선착장 앞 ,침수,항포구,37.58494833,126.522105
인천광역시,강화군,동검도,강화군 동검리 704 인근 방파제,추락,항포구,37.58466667,126.5225
인천광역시,옹진군,영흥면,인천 영흥면 내리 진두선착장,침수,항포구,37.252785,126.4926367
인천광역시,옹진군,영흥면,인천 옹진군 영흥면 진두항 인근 ,추락,항포구,37.25255333,126.4927167
인천광역시,옹진군,영흥면,측도 내 슬립웨이,고립,해안가,37.23371667,126.5180383
인천광역시,웅진군,영흥면,인천 옹진군 영흥면 내리 소재 안도 인근 해안가,고립,해안가,37.259115,126.4910917
인천광역시,웅진군,영흥면,인천 웅진군 영흥면 진두항 3번 부두,고립,항포구,37.25255,126.4929
인천광역시,인천시,강화군,인천시 강화군 외포리 선착장,추락,항포구,37.70026667,126.3753767
인천광역시,인천시,중구,을왕리해수욕장 이모네 조개구이집 앞,침수,해안가,37.440855,126.3708317
울산광역시,기장군,기장읍,대변항 대변초등학교 앞 ,추락,항포구,35.22132,129.2229867
울산광역시,기장군,기장읍,부산광역시 기장군 연화리 서암마을 앞 ,추락,항포구,35.20866667,129.2204833
울산광역시,기장군,일광면,부산 기장군 일광면 이천리 소재 해녀복지회관 앞 ,추락,항포구,35.25891667,129.23735
울산광역시,남구,매암동,울산항 1부두(석탄부두) 대한통운부두 ,추락,항포구,35.52378667,129.3722433
울산광역시,남구,장생포동,장생포교회 앞 ,추락,항포구,35.50153333,129.3731333
울산광역시,동구,방어동,방어진수협 위판장 앞 ,추락,항포구,35.48395,129.4246167
울산광역시,동구,방어동,슬도 횟집 앞 ,추락,항포구,35.4754,129.4258
울산광역시,동구,방어동,방어동 수협위판장 앞 ,추락,항포구,35.48396667,129.4245833
울산광역시,동구,일산동,일산해수욕장 앞 회센터 앞 ,추락,해안가,35.50016667,129.4341833
울산광역시,동구,일산동,외식중공업 식당 앞 일산해변 앞,고립,해수욕장,35.4919,129.4251333
울산광역시,동구,일산동,울산 동구 일산항 활어시장 앞,추락,항포구,35.50015,129.43415
울산광역시,동구,주전동,주전해변 남쪽화장실 앞 해변,고립,해수욕장,35.55933167,129.4531967
울산광역시,북구,정자7길,울산 정자항 팔각정 횟집 앞 15~20m ,추락,항포구,35.60992167,129.4429833
울산광역시,울주군,서생면,울주군 서생면 진하항 선착장 해안도로 ,추락,항포구,35.38692833,129.3400517
울산광역시,울주군,서생면,울산 울주군 서생면 진하항,추락,항포구,35.38716667,129.3398333
울산광역시,울주군,서생면,울산 신리항 앞,추락,항포구,35.33893333,129.3182333
울산광역시,울주군,온산읍,울산 울주군 서생면 진하리 진하항 진하출장소 앞 ,추락,항포구,35.38699,129.3398833
부산광역시,강서구,명지동,중리항(어민복지회관) 앞,추락,항포구,35.10396667,128.9245667
부산광역시,강서구,성북동,다목적부두 터미널 앞,추락,항포구,35.07115,128.8335183
부산광역시,강서구,천성동,천성항 중앙방파제 입구 해상,추락,항포구,35.02364333,128.809225
부산광역시,기장군,기장읍,부산시 기장군 기장읍 죽성리 월전항,추락,항포구,35.23621167,129.2403217
부산광역시,기장군,기장읍,연화리 소재 하루방 횟집 앞,추락,항포구,35.2088,129.2206833
부산광역시,기장군,기장읍,부산시 기장군 죽성리 두호마을 두호선착장 앞 해상,추락,항포구,35.23881667,129.24125
부산광역시,기장군,기장읍,공수마을 시랑리 해안도로 '아랫길 횟집' 앞 해안가,추락,해안가,35.18528667,129.2086117
부산광역시,기장군,기장읍,부산 기장군 기장읍 죽성리 두호항 ,추락,항포구,35.23885,129.2413333
부산광역시,기장군,일광면,부산시 기장군 일광면 문중리 소재 문중항 어선 선착장 앞 해상,추락,항포구,35.29199833,129.2566083
부산광역시,기장군,일광면,문동리 매립공사장(공사로 인한 웅덩이 형성),추락,해안가,35.3058,129.25645
부산광역시,기장군,일광면,부산 기장군 일광면 학리방파제옆 해상,추락,항포구,35.25542833,129.2416033
부산광역시,기장군,일광면,부산 기장군 일광면 원조 수산 앞,추락,항포구,35.2698,129.2400833
부산광역시,기장군,일광면,부산 기장군 일광면 이동 방파제 육상 호이스트 앞,추락,항포구,35.27013333,129.2414833
부산광역시,기장군,장안읍,기장 임랑항 방파제 앞 20m 해상,추락,해안가,35.30924,129.2574567
부산광역시,남구,용호동,용호항 수상레저업체 더크라운 앞 ,추락,항포구,35.12546667,129.1179833
부산광역시,동구,충장대로,부산항 3부두 현대산업 개발 현장사무소 앞,추락,항포구,35.10968333,129.0415
부산광역시,사하구,구평동,부산 사하구 감천항 5부두 동방조선 앞 ,추락,항포구,35.07651667,128.9890667
부산광역시,사하구,다대2동,낫개항 옆 도로,추락,항포구,35.05436333,128.9736
부산광역시,사하구,다대동,다대항 활어위판장 앞 ,추락,항포구,35.05261667,128.9700333
부산광역시,사하구,장림,사하구 장림 보덕 2교 아래 ,추락,해안가,35.07543333,128.9548667
부산광역시,서구,원양로,감천항 동편부두 31~33번 선석,추락,항포구,35.05983333,129.0055
부산광역시,영도구,동삼동,부산 영도구 동삼동 중리방파제 앞 ,추락,항포구,35.06772167,129.05894
부산광역시,영도구,봉래동,부산대교 영도방면 (봉래동 물량장),추락,항포구,35.09053333,129.0371933
부산광역시,영도구,중리,부산 영도구 소재 중리 항포구,추락,항포구,35.06758,129.0592217
부산광역시,중구,중앙동,중앙동 연안여객터미널 앞페레스트로이카호 선착장,추락,항포구,35.1,129.0383333
부산광역시,해운대구,송정구덕포길,구덕포항 내 해상,추락,항포구,35.16813667,129.1917283
부산광역시,해운대구,송정동,해운대구 송정항,추락,항포구,35.17491667,129.20355
부산광역시,해운대구,송정동,송정 죽도공원 화장실 앞 슬립웨이,추락,해안가,35.17476333,129.2030083
부산광역시,해운대구,송정해변로,부산 송정항 어촌계 사무실 앞 ,추락,항포구,35.17502,129.203435
부산광역시,해운대구,우동,동백섬 누리마루 선착장 앞 ,추락,항포구,35.1528,129.1504167
부산광역시,해운대구,중동,씨월드 회센터 앞 ,추락,해안가,35.15503333,129.1691833
강원도,강릉시,강동면,강릉시 강동면 심곡리 심곡항 내,추락,항포구,37.65935,129.0519167
강원도,강릉시,견소동,요트마리나 주차장 ,추락,항포구,37.7703,128.9508083
강원도,강릉시,견소동,강릉항 송정출장소 앞 슬립웨이 10m 해상,추락,항포구,37.768455,128.95236
강원도,고성군,문암리,고성군 문암1리 항내,추락,항포구,38.30157333,128.5423533
강원도,고성군,토성면,아야진 남방파제,추락,방파제,38.26935833,128.5547567
강원도,삼척시,근덕면,덕산항 남애포횟집 앞 30m,추락,항포구,37.37348833,129.2519883
강원도,삼척시,근덕면,궁촌항 물양장 내,추락,항포구,37.32303667,129.2682033
강원도,속초시,동명동,속초시 동명동 양미리부두 앞 ,추락,항포구,38.20661667,128.5910083
강원도,속초시,동명항길,속초시 속초항 여객선부두에서 전용부두 사이 10m ,추락,항포구,38.20577667,128.5897533
강원도,속초시,장사동,장사항 장사출장소 앞 ,추락,항포구,38.22224833,128.5866233
강원도,속초시,장사동,장사항 부두 활어센터,추락,항포구,38.22224333,128.5866267
강원도,속초시,중앙로,아바이마을(설악대교 밑) 앞 ,추락,항포구,38.200525,128.5903183
강원도,속초시,청호동,속초항 신수로 남방파제,추락,항포구,38.20074167,128.59203
강원도,속초시,청호동,속초항 청초호 내 부두(설악대교 밑 신수로 입구),추락,항포구,38.20019,128.5894883
강원도,속초시,청호동,속초항 부두(청호동 이바이마을 앞 ),추락,해안가,38.20324667,128.5900433
강원도,양양군,손양면,양양군 손양면 오산길 16-24(쏠비치 앞 방파제),추락,항포구,38.0876,128.659565
강원도,양양군,현남면,광진항 방파제 15m ,고립,항포구,37.95934333,128.758445
강원도,양양군,현북면,강원 양양군 현북면 손양면 수산리 요트마리나 주차장 아래 항내,추락,항포구,38.07296,128.6709433
강원도,양양군,현북면,기사문항 정치망 계류장,추락,항포구,38.00418333,128.7250117
경기도,시흥시,정왕동,오이도선착장 갯벌체험장 슬립웨이,고립,항포구,37.34033333,126.6846667
경기도,안산시,단원구,경기도 안산시 단원구 탄도항 슬립웨이,침수,항포구,37.18838,126.64132
경기도,평택시,포승읍,경기도 평택시 동부두 1정문 도로 끝부분 수로,추락,항포구,36.98537833,126.822915
경기도,화성서,제부도,경기도 화성시 제부도 헬기장 앞 갯벌,고립,갯벌,37.15789,126.6196917
경기도,화성시,단원구,경기도 화성시 탄도항 파출소 앞 경사로,침수,항포구,37.1884,126.6413217
경기도,화성시,서신면,경기 화성시 서신면 제부도 물길 중간부 출도 방향(바닷길 가로등 27~28번),추락,해안가,37.17278333,126.6373667
경기도,화성시,우정읍,경기도 화성시 우정읍 매항리(농섬 진입로),침수,갯벌,37.034565,126.74188
충청남도,당진시,석문면,충남 당진시 석문면 왜목 해변,고립,해수욕장,37.04020333,126.5227533
충청남도,당진시,석문면,충남 당진시 석문면소재 왜목해수욕장 모래사장,고립,해수욕장,37.04023333,126.5227533
충청남도,당진시,석문면,당진시 석문면 장고항 동측 선착장 끝단,추락,항포구,37.024835,126.5563017
충청남도,당진시,송산면,충남 당진시 송산면 가곡리 성구미 선착장,침수,항포구,37.0001,126.6902
충청남도,당진시,송악읍,충남 당진시 송악읍 안섬포구 슬립웨이,추락,항포구,36.98548333,126.7366183
충청남도,당진시,송악읍,충남 당진시 송악읍 부곡공단로 68-16 호텔 앞 갯벌,고립,갯벌,36.93931167,126.78972
충청남도,당진시,신평면,충남 당진시 송악읍 짬호텔 앞,고립,해안가,36.93932167,126.789725
충청남도,당진시,신평면,충남 당진시 맷돌포구 선착장 2/3 지점,추락,항포구,36.90596333,126.808995
충청남도,보령시,내항동,충남 보령시 내항동 875-20,침수,해안가,36.350225,126.5561417
충청남도,보령시,오천면,충남 보령시 오천면 오천항 내 안강망 선착장,추락,항포구,36.436705,126.5184783
충청남도,보령시,오천면,충남 보령시 오천면 삽시도 밤섬해수욕장 백사장,고립,해수욕장,36.32583333,126.3568333
충청남도,보령시,오천면,보령시 오천면 삽시도 요강수 방파제 모래사장,고립,방파제,36.34173333,126.3563417
충청남도,보령시,오천면,보령시 오천항 수협 앞 슬립웨이,침수,항포구,36.43686833,126.5184117
충청남도,보령시,오천면,충남 보령시 오천항 수협 앞 슬립웨이,추락,항포구,36.43679333,126.5183533
충청남도,보령시,오천면,오천면 수협 앞 슬립웨이,침수,해안가,36.43679833,126.51836
충청남도,보령시,웅천읍,보령시 웅천읍 무창포항 다리 인근 슬립웨이,침수,항포구,36.24249333,126.5362383
충청남도,보령시,원산도,보령시 원산도 해수욕장 내 모래사장,고립,해수욕장,36.35823333,126.423205
충청남도,보령시,천북면,보령시 천북면 학서리 별장횟집 앞 슬립웨이,침수,해안가,36.44306833,126.4877317
충청남도,보령시,천북면,충남 보령시 천북면 나룻개길 80 블루오션 팬션 앞,추락,해안가,36.43992167,126.5189067
충청남도,서산시,간월도,충남 서산시 간월도 선착장,추락,항포구,36.603755,126.4065967
충청남도,서산시,대산읍,독곶리 해안가,추락,해안가,36.97621833,126.3511833
충청남도,서산시,대산읍,"독곶리 509-8, 해안도로 옆 ",추락,해안가,36.97622,126.3511717
충청남도,서산시,대산읍,웅도에서 조도사이,추락,해안가,36.92290167,126.387245
충청남도,서산시,지곡면,서산시 지곡면 중왕리 580번지 저섬,고립,해안가,36.88572333,126.3903733
충청남도,서산시,팔봉면,구도항 선착장 끝단 ,침수,항포구,36.82308667,126.3229917
충청남도,서산시,팔봉면,구도항 인근,추락,항포구,36.82308167,126.3230267
충청남도,서천군,마서면,충남 서천군 마서면 소재 목섬,침수,해안가,36.058585,126.6257283
충청남도,서천군,서면,서천군 마량항,추락,항포구,36.12416667,126.5023967
충청남도,서천군,장항읍,서천군 장항읍 송림리 모래터 서쪽갯벌 100m ,고립,갯벌,36.017325,126.6588117
충청남도,서천군,장항읍,장항읍 590-20 원수출장소 앞 해상,추락,항포구,36.00034667,126.7196767
충청남도,총성군,서부면,충남 홍성군 서부면 남당항로 213번길 25-62 남당항로,고립,해안가,36.536795,126.4683817
충청남도,태안군,고남면,영목출장소 인근 선착장,침수,항포구,36.39295,126.4226383
충청남도,태안군,고남면,충남 태안군 탄개항 인근,침수,항포구,36.40365667,126.4225567
충청남도,태안군,고남면,구매항,침수,항포구,36.42149333,126.4258417
충청남도,태안군,고남면,충남 태안군 영목항 앞 선착장,침수,항포구,36.39292833,126.42265
충청남도,태안군,고남면,태안군 고남면 구매항 선착장,침수,항포구,36.42147333,126.42577
충청남도,태안군,고남면,충남 태안군 고남면 가경주항 방파제 인근,전복,방파제,36.4043,126.4066517
충청남도,태안군,근흥면,연포해수욕장 ,고립,해수욕장,36.68966667,126.2063333
충청남도,태안군,근흥면,신진항 물량장 앞,추락,항포구,36.67387333,126.1351467
충청남도,태안군,근흥면,충남 태안군 연포 선착장,추락,항포구,36.686945,126.2055467
충청남도,태안군,근흥면,신진항 내 여객선 선착장,추락,항포구,36.67557167,126.133935
충청남도,태안군,남면,몽산포항 내,침수,항포구,36.67014,126.270525
충청남도,태안군,남면,청포대해수욕장,고립,해수욕장,36.63681167,126.3011617
충청남도,태안군,남면,충남 태안군 남면 당암리(서해안 횟집 뒤편),추락,해안가,36.6181,126.3523133
충청남도,태안군,소원면,파도리 통개항 인근 해안도로,고립,해안가,36.721305,126.1382567
충청남도,태안군,소원면,충남 태안군 만리포 방파제 등대쪽,침수,방파제,36.78473167,126.1263617
충청남도,태안군,안면읍,신야리 794-2 자갈밭,고립,무인도서,36.43616667,126.3265
충청남도,태안군,안면읍,태안군 안면읍 대야도 선착장,침수,항포구,36.467035,126.409485
충청남도,태안군,안면읍,충남 태안군 안면읍 방포항길 64 방포수산 인근 도로아래 갯벌,추락,항포구,36.50242,126.3344917
충청남도,태안군,안면읍,충남 태안군 안면읍 드르니항,추락,항포구,36.58689167,126.3079467
충청남도,태안군,원북면,신두리 해안사구 우측 가장 끝 ,고립,해안가,36.84005333,126.19004
충청남도,태안군,원북면,학암포해수욕장(안채) 해변 ,고립,해수욕장,36.89307833,126.2028733
충청남도,태안군,원북면,충남 태안군 원북면 방갈리 민어도 방파제 슬립웨이,침수,항포구,36.90697333,126.250135
충청남도,태안군,이원면,충남 태안군 만대항 삼형제 바위 인근 오솔길 모래 사장,고립,항포구,36.96685167,126.3025533
충청남도,태안군,이원면,당산리 진양수산 앞 해안가,침수,해안가,36.88569833,126.3243367
충청남도,태안군,이원면,이원면 피도 인근 선착장,침수,항포구,36.935705,126.3024567
충청남도,홍성군,서부면,충남 홍성군 서부면 궁리항 선착장,추락,항포구,36.58632,126.4546367
충청남도,흥성군,서부면,충남 서부면 궁리항 선착장,추락,항포구,36.58874333,126.4531883
전라북도,고창군,상하면,전북 고창군 구시포해수욕장 1987부대 부근 갯벌체험장,고립,해안가,35.43733333,126.4265
전라북도,고창군,상하면,전북 고창군 상하면 장호리 해변길(명사십리 해안길),고립,해수욕장,35.49103333,126.4684667
전라북도,고창군,상하면,전라북도 고창군 상하면 명사십리 해변,고립,해수욕장,35.51731667,126.4834667
전라북도,고창군,상하면,전북 고창군 장호 갯벌체험장 인근 해변,고립,갯벌,35.468305,126.4522417
전라북도,고창군,해리면,전라북도 고창군 심원면 동호항 부근 모래사장,고립,해수욕장,35.51744667,126.4857967
전라북도,군산시,금암동,군산 금암동 성인콜라텍 앞 갯벌,추락,갯벌,35.98640667,126.7187967
전라북도,군산시,비응도동,전북 군산시 비응도 수협앞 ,추락,항포구,35.93531,126.5262367
전라북도,군산시,비응도동,비응항 어업정보통신국 앞 ,추락,항포구,35.93625833,126.525555
전라북도,군산시,비응도동,군산 비응항 서해조선소 물량장(수협 제빙공장),추락,항포구,35.93407,126.5256333
전라북도,군산시,비응도동,비응항 수협저유소 옆,추락,항포구,35.93452333,126.5259233
전라북도,군산시,소룡동,군산 소룡동 소재 소룡대행신고소 앞 ,추락,항포구,35.98586167,126.6902217
전라북도,군산시,소룡동,군산 소룡항포구 성원상떼빌 앞 ,추락,항포구,35.98506,126.6884333
전라북도,군산시,오식도동,군산시 비응도동 비응항 수협위판장 앞 해상,추락,항포구,35.93471333,126.5259883
전라북도,군산시,옥도면,야미도리 선착장,추락,항포구,35.83776,126.4866233
전라북도,군산시,옥도면,군산시 옥도면 개야도 선착장,추락,항포구,36.02620167,126.5539583
전라북도,군산시,옥도면,군산시 옥도면 신시도리 신시도항(정다운슈퍼 앞 선착장),추락,항포구,35.82056,126.471105
전라북도,군산시,옥도면,군산시 옥도면 야미도 선착장 해동팬션 앞,전복,항포구,35.83841,126.4868017
전라북도,군산시,옥도면,군산시 선유도 해수욕장 짚라인 부근 백사장,고립,해수욕장,35.81868833,126.40755
전라북도,군산시,옥도면,군산시 옥도면 417 선유도 간이 여객선터미널,추락,항포구,35.82166333,126.4099567
전라북도,군산시,해망동,해망 도선장,추락,항포구,35.98941833,126.70549
전라북도,군산시,해망동,군산 내항 쌍용반점 앞 물량장,고립,항포구,35.98924,126.706165
전라북도,부안군,변산면,전북 부안군 변산면 격포리 격포항 변산파출소 30m,추락,항포구,35.62110833,126.4685133
전라북도,부안군,변산면,전북 부안군 변산면 격포리 궁항소재 개섬 연결도로,고립,항포구,35.60105,126.46765
전라북도,부안군,변산면,부안군 변산면 격포리 여객선 부두앞 ,추락,항포구,35.61899167,126.468755
전라북도,부안군,변산면,부안군 변산면 적벽강 몽돌 해안 관찰지,추락,해안가,35.63426667,126.4671667
전라북도,부안군,변산면,가력도 항내 3잔교 바지선 부근,추락,항포구,35.722485,126.5237017
전라북도,부안군,변산면,전라북도 부안군 변산면 모항해수욕장 해변,고립,해수욕장,35.5745,126.5051667
전라북도,부안군,변산면,전라북도 변산면 궁항 선박이동 슬로프,추락,항포구,35.59317333,126.4675733
전라북도,부안군,변산면,전북 부안군 변산면 소재 격포항 수협활어 위판장 앞,추락,항포구,35.620155,126.468415
전라북도,부안군,변산면,전라북도 부안군 변산면 격포항 소형선박 계류장 앞,추락,항포구,35.62053,126.4683267
전라북도,부안군,변산면,전북 부안군 변산면 도청리 언포항 슬립웨이,고립,항포구,35.592895,126.4765283
전라북도,부안군,변산면,가력도항내 3잔교 앞 해상,추락,항포구,35.72234167,126.524025
전라북도,부안군,위도면,전북 부안군 위도면 식도리 선착장앞 ,추락,항포구,35.62177833,126.28615
전라북도,부안군,하서면,해창 임시홍보전시관 앞 선착장,추락,항포구,35.69167,126.5534383
전라남도,강진군,대구면,강진군 대구면 저두항 방파제,추락,항포구,34.53459167,126.7874717
전라남도,강진군,대구면,강진군 대구면 구수리 남호리 선착장,추락,항포구,34.476545,126.7915683
전라남도,강진군,도암면,강진군 도암면 용산리 선착장 ,추락,방파제,34.538545,126.7678033
전라남도,강진군,도암면,강진군 도암면 용흥리 선착장,추락,항포구,34.53860333,126.7678333
전라남도,강진군,마량면,전남 강진군 마량면 중방파제 우측 물량장,추락,항포구,34.44271167,126.8211183
전라남도,강진군,마량면,전남 강진군 마량면 강진수협위판장 앞 ,추락,항포구,34.44266667,126.8202
전라남도,강진군,마량면,강진군 마량면 미향로 마량항 방파제 앞 ,추락,항포구,34.44240333,126.820785
전라남도,강진군,칠량면,강진군 칠량면 봉황마을 선착장 끝단,추락,항포구,34.55255833,126.7872
전라남도,고흥군,금산면,전남 고흥군 금산면 금진항 2미터 ,추락,항포구,34.48738667,127.1208117
전라남도,고흥군,금산면,고흥군 금산면 신평 선착장,추락,항포구,34.488025,127.172625
전라남도,고흥군,금산면,고흥군 금산면 우두항 방파제,추락,항포구,34.4433,127.0931433
전라남도,고흥군,남양면,고흥군 남양면 월정리 선착장,추락,항포구,34.75101833,127.3866867
전라남도,고흥군,도양읍,녹동신항 여객선 선착장(평화해운 물량장),추락,항포구,34.52067167,127.13943
전라남도,고흥군,도양읍,전남 고흥군 도양읍 소목리 남생리 마을 선착장,추락,해안가,34.50281,127.1180467
전라남도,고흥군,동일면,고흥군 동일면 소영리 소영선착장,추락,항포구,34.48391667,127.4693217
전라남도,고흥군,동일면,고흥군 동일면 백초항포구 주변도로,추락,항포구,34.501,127.4533333
전라남도,고흥군,두원면,고흥군 두원면 풍류 선착장,추락,항포구,34.65397833,127.2233517
전라남도,고흥군,봉래면,진기마을 배수펌프장 앞 50m ,추락,해안가,34.45959833,127.4536367
전라남도,고흥군,봉영리,고흥군 동일면 봉남 갯마을,추락,항포구,34.48422667,127.4868267
전라남도,고흥군,영남면,고흥군 영남면 우두마을 물양장,추락,항포구,34.440925,127.1008033
전라남도,광양시,금호동,광양시 금호동 금호대교,추락,해안가,34.94196833,127.71962
전라남도,광양시,컨부두로,다목적부두 3-2선석,추락,항포구,34.88404667,127.636965
전라남도,광양시,태인동,광양시 태인동 소재 태인대교,추락,대교,34.95598833,127.7517367
전라남도,목포시,달동,허사도(허사대교 북방) ,추락,항포구,34.751615,126.3572667
전라남도,목포시,죽교동,목포 대양동 해안가(지중해 카폐 앞),고립,해안가,34.83741667,126.393235
전라남도,목포시,죽교동,전남 목포시 북항 1부두(하얀등대 인근),추락,항포구,34.80367667,126.357045
전라남도,목포시,북항동,전남 목포시 북항 여객선 선착장(목포 여객선 터미널),추락,항포구,34.80318333,126.3587333
전라남도,목포시,북항동,전남 목포시 죽교동 북항 2부두 선착장,추락,항포구,34.80353,126.3579517
전라남도,목포시,죽교동,북항 소형어선 물양장,추락,항포구,34.803945,126.359005
전라남도,목포시,죽교동,북항5부두(외쪽),추락,항포구,34.80131667,126.3540783
전라남도,목포시,죽교동,목포시 북항 수협유류저장고 앞 ,추락,항포구,34.80093833,126.35381
전라남도,목포시,죽교동,수협 위판장 쇄빙탑 부근(수협위판장),추락,항포구,34.77503333,126.3730583
전라남도,목포시,항동,전남 목포시 항동 목포여객선터미널,추락,항포구,34.77606667,126.3841333
전라남도,무안군,망운면,조금나루 선착장,추락,항포구,34.98934,126.3265633
전라남도,무안군,운남면,조금나루선착장,추락,항포구,34.98933833,126.32656
전라남도,무안군,운남면,신월선착장 앞 ,추락,항포구,34.9568,126.29205
전라남도,무안군,현경면,홀통 마산활어마트 인근,추락,해안가,35.069455,126.3401517
전라남도,무안군,현경면,홀통선착장,추락,항포구,35.0571,126.3258233
전라남도,보성군,회천면,전남 보성군 회천면 동율방파제,추락,항포구,34.66857833,127.0903917
전라남도,보성군,회천면,보성군 회천면 율포선착장 앞 ,추락,항포구,34.66705333,127.0839067
전라남도,보성군,회천면,전남 보성군 회천면 율포리 우암선착장 ,추락,항포구,34.66861167,127.0904033
전라남도,신안군,도초면,이곡리 선착장,추락,항포구,34.70071167,126.008125
전라남도,신안군,압해읍,송공항 앞 ,추락,항포구,34.84210167,126.2228167
전라남도,신안군,압해읍,송고리 분재공원 선착장 앞 ,추락,항포구,34.8381,126.25115
전라남도,신안군,압해읍,신안군 압해읍 신장리 선착장,추락,항포구,34.808855,126.35426
전라남도,신안군,압해읍,고이도 선착장,추락,항포구,34.956115,126.28713
전라남도,신안군,압해읍,압해읍 대천리 631-1,추락,해안가,34.87029167,126.2687
전라남도,신안군,임자면,진리선착장,추락,항포구,35.07555,126.1195833
전라남도,신안군,자은도,자은도 남진항,추락,항포구,34.854235,126.0593767
전라남도,신안군,자은도,신안군 자은도 양산해변,고립,해안가,34.87331667,125.9887833
전라남도,신안군,증도면,병풍도 앞 갯벌,고립,갯벌,34.95423167,126.2045733
전라남도,신안군,증도면,증도-화도 다리 ,고립,해안가,34.967115,126.166775
전라남도,신안군,증도면,방축리 선착장,추락,항포구,34.99070333,126.10361
전라남도,신안군,지도읍,점암선착장,추락,항포구,35.08703333,126.1543833
전라남도,신안군,하의면,새구미선착장 앞 인근,추락,항포구,34.58620667,126.0191867
전라남도,신안군,흑산면,흑산면 홍도항 북쪽부두 좌측 끝부분,추락,항포구,34.683685,125.18922
전라남도,여수시,국동,전남 여수시 어항단지로 국동출장소 앞 방파제,추락,항포구,34.72139333,127.7072367
전라남도,여수시,남면,여수시 남면 금오도 여천마을 여객선 선착장,추락,항포구,34.55024333,127.7517367
전라남도,여수시,남면,여수시 남면 우학리 여남 초등학교 앞 도로,추락,해안가,34.50645833,127.7599267
전라남도,여수시,남면,여수시 화정면 화태도 독정 선착장 경사식 부두,추락,항포구,34.57535333,127.724685
전라남도,여수시,남면,여수시 남면 직포항 방파제,추락,항포구,34.5046,127.7368917
전라남도,여수시,돌산읍,여수시 돌산읍 소재 신기항 서편선착장,추락,항포구,34.600485,127.7376833
전라남도,여수시,돌산읍,여수시 돌산읍 소율항,추락,항포구,34.60244,127.7905367
전라남도,여수시,돌산읍,전남 여수시 돌산읍 우두리 무량민박 앞 ,추락,해안가,34.72288667,127.7385033
전라남도,여수시,돌산읍,여수시 돌산읍 군내리 송학호 도선장 앞,추락,항포구,34.60883,127.7197083
전라남도,여수시,돌산읍,여수시 돌산읍 군내 도선장,추락,항포구,34.60821333,127.7207867
전라남도,여수시,돌산읍,여수시 돌산읍 우두리 용비치 펜션 앞 ,추락,해안가,34.72657667,127.7393633
전라남도,여수시,돌산읍,방죽포 해수욕장 방파제,추락,방파제,34.62513,127.7898933
전라남도,여수시,돌산읍,여수시 돌산읍 돌산회 타운 앞,추락,항포구,34.72349333,127.7378967
전라남도,여수시,돌산읍,여수시 돌산읍 금천항 방파제,추락,항포구,34.63558833,127.72138
전라남도,여수시,묘도동,여수시 묘도동 묘도선착장,추락,항포구,34.869395,127.7071283
전라남도,여수시,묘도동,여수시 묘도동 광양포 선착장,추락,항포구,34.88719167,127.691775
전라남도,여수시,소라면,여수시 소라면 현천리 해안도로,전복,해안가,34.753005,127.5871867
전라남도,여수시,소호9길,여수시 소호동 소제마을 앞 ,추락,항포구,34.73479167,127.6423083
전라남도,여수시,소호동,여수시 소호요트장 ,추락,해안가,34.73667167,127.650205
전라남도,여수시,소호동,여수시 소호동 송소방파제(송소횟집) 앞 ,추락,방파제,34.72266667,127.6379533
전라남도,여수시,소호동,소호항 자은수산 앞 ,추락,방파제,34.74264167,127.6543833
전라남도,여수시,소호동,여수시 소호동 항호마을 북방파제 우영수산 앞,추락,방파제,34.74262167,127.6544583
전라남도,여수시,신월동,여수시 신월동 금성 휴먼터치빌 아파트 앞 관공선 부두,추락,항포구,34.71995333,127.704275
전라남도,여수시,어항단지로,소경도 선착장,추락,항포구,34.70594,127.7042383
전라남도,여수시,월래동,여수시 월래동 월래선착장 앞,추락,항포구,34.85554167,127.7176817
전라남도,여수시,종화동,여수 종화동 하멜등대 ,추락,항포구,34.73533167,127.7422617
전라남도,여수시,중앙동,여수시 중앙동 여객선 터미널,추락,항포구,34.73625333,127.72638
전라남도,여수시,화양면,여수시 화양면 공정리 선착장,추락,항포구,34.637235,127.5714167
전라남도,여수시,화양면,전남 여수시 화양면 용주리 방파제 앞 ,추락,해안가,34.70978333,127.6234817
전라남도,여수시,화양면,여수시 화양면 백야도 동머리 방파제 앞 ,추락,항포구,34.60739833,127.6509583
전라남도,영광군,백수읍,대신항,추락,해안가,35.36692,126.4023133
전라남도,영광군,연산면,두우리 갯벌체험장,침수,갯벌,35.22554,126.3002783
전라남도,영광군,염산면,향화도 선착장 앞 ,추락,항포구,35.16800667,126.3555033
전라남도,영광군,홍농읍,계마항 북방파제 옆 안벽,추락,항포구,35.38988833,126.4023067
전라남도,영광군,홍농읍,계마항 ,추락,항포구,35.3871,126.4043333
전라남도,완도군,고금면,전남 완도군 고금면 상정항,추락,항포구,34.35248167,126.7722867
전라남도,완도군,고금면,완도군 고금면 교성 선착장 해안도로,추락,해안가,34.41900833,126.8391667
전라남도,완도군,고금면,고금면 화룡선착장,추락,항포구,34.375965,126.76685
전라남도,완도군,고금면,완도군 고금도 봉명항 해안가,전복,해안가,34.401585,126.7599267
전라남도,완도군,고금면,완도군 고금도 연동선착장,추락,항포구,34.38344833,126.8042833
전라남도,완도군,군외면,전남 완도군 군외면 원동터미널 앞 ,추락,해안가,34.38887333,126.6422867
전라남도,완도군,금당면,전남 완도군 금당면 울포 여객선 부두,추락,항포구,34.42328333,127.071655
전라남도,완도군,금당면,완도군 금당면 차우리 앞 항포구,추락,항포구,34.434375,127.0690483
전라남도,완도군,금일읍,완도군 금일읍 일정항,추락,항포구,34.35676667,126.9868283
전라남도,완도군,금일읍,신구항 선착장,추락,항포구,34.33618333,127.0239267
전라남도,완도군,금일읍,완도군 금일읍 동백리 선착장,추락,항포구,34.32373667,127.041215
전라남도,완도군,금일읍,완도군 금일읍 신평리 신평수퍼 앞,추락,항포구,34.35559833,127.04129
전라남도,완도군,금일읍,충도 선착장앞,추락,항포구,34.37394333,127.0705967
전라남도,완도군,노화읍,전남 완도군 노화읍 잘포리 소재 물량장,추락,항포구,34.18696,126.55684
전라남도,완도군,노화읍,완도군 노화읍 당산리 선착장 앞 20m ,추락,항포구,34.191345,126.5515183
전라남도,완도군,노화읍,완도군 노화읍 잘포리 방파제 앞 ,추락,항포구,34.18447833,126.556905
전라남도,완도군,노화읍,노화 당산리항 선착장,추락,항포구,34.19161667,126.5512667
전라남도,완도군,노화읍,전남 완도군 노화읍 충도리 선착장,추락,해안가,34.175375,126.6076717
전라남도,완도군,보길도,완도군 보길도 여항리 선착장 앞 ,추락,항포구,34.155955,126.58961
전라남도,완도군,보길면,전남 완도군 보길면 통리선착장 앞 ,추락,항포구,34.15351833,126.5737417
전라남도,완도군,보길면,부황리 새천년카센터 앞 ,추락,해안가,34.16775833,126.5527767
전라남도,완도군,생일면,완도군 생일도 금곡리 금곡항내,추락,항포구,34.31859167,126.9557717
전라남도,완도군,소안면,완도군 소안면 진산리 선착장,추락,항포구,34.122275,126.6510983
전라남도,완도군,신지면,완도군 신지면 동고리 선착장,추락,항포구,34.32151667,126.8758033
전라남도,완도군,신지면,전남 완도군 신지면 물하태선착장,추락,항포구,34.323325,126.7724267
전라남도,완도군,신지면,전남 완도군 신지면 임촌항 우측 모래사장,추락,항포구,34.32165833,126.80216
전라남도,완도군,신지면,완도군 신지면 송곡 선착장,추락,항포구,34.340235,126.7850333
전라남도,완도군,신지면,완도군 신지도 선착장,추락,항포구,34.333495,126.80359
전라남도,완도군,신지면,전남 완도군 신지면 가인리 선착장,추락,항포구,34.317355,126.8587683
전라남도,완도군,신지면,동고리 대행신고소(신지로1220-84) 앞 선착장,추락,항포구,34.32153333,126.875755
전라남도,완도군,약산면,완도군 약산면 천동선착장 앞 ,추락,항포구,34.38957,126.8699017
전라남도,완도군,약산면,완도군 약산면 득암항 안 서쪽 방파제,추락,방파제,34.35647,126.8883983
전라남도,완도군,약산면,완도군 약산면 조약도 당목항,추락,항포구,34.373625,126.9411983
전라남도,완도군,연동리,완도군 고금면 연동리,추락,항포구,34.38347167,126.8047733
전라남도,완도군,완도읍,완도읍 가용리 농공단지 풍선 축양장 부근,추락,해안가,34.33960667,126.735635
전라남도,완도군,완도읍,완도군 완도읍 정도리 화흥포항,추락,항포구,34.30285167,126.6740783
전라남도,완도군,완도읍,전남 완도군 완도읍 석장리 항포구,추락,항포구,34.30129667,126.7347567
전라남도,완도군,완도읍,완도군 완도읍 대신리 선착장,추락,항포구,34.30974333,126.6718633
전라남도,완도군,청산면,완도군 청산면 도청리 선착장(자연식당 앞),추락,항포구,34.17537,126.8529817
전라남도,장흥군,관산읍,전남 장흥군 관산읍 신동리 사금마을 선착장,추락,항포구,34.54026333,126.9866383
전라남도,장흥군,안양면,전남 장흥군 안양면 수문방파제 앞 ,추락,항포구,34.62493,127.0248683
전라남도,장흥군,회진면,장흥군 회진면 성은 아파트 앞,추락,해안가,34.47251333,126.9359217
전라남도,장흥군,회진면,장흥군 회진면 삭금항내 커브길에서 운전중 운전 미숙  추락,추락,항포구,34.442165,126.923
전라남도,진도군,고군면,전남 진도군 고군면 벌포선착장,추락,항포구,34.46941667,126.3694833
전라남도,진도군,고군면,금계리 회동어촌계 앞 ,추락,항포구,34.41863333,126.33925
전라남도,진도군,고군면,용호항,추락,방파제,34.43941667,126.3591
전라남도,진도군,군내면,진도군 군내면 신동리 신동선착장,추락,항포구,34.55281333,126.30349
전라남도,진도군,의신면,초평항,추락,항포구,34.40733833,126.3351983
전라남도,진도군,임회면,굴포선착장 앞 ,추락,항포구,34.36748333,126.2053767
전라남도,진도군,임회면,진도군 임회면 마세리 인근 뻘,추락,항포구,34.37399333,126.1226517
전라남도,진도군,임회면,서망항내 수협제빙냉동 앞 계류장,추락,항포구,34.35853833,126.13433
전라남도,진도군,조도면,서거차도 내측 수협 유류탱크 인근 부두 앞,추락,항포구,34.25151167,125.91741
전라남도,진도군,지산면,전남 진도군 지산면 거제 선착장 ,추락,항포구,34.48498333,126.1705467
전라남도,진도군,진도읍,수유리 전두 2리 선착장,추락,항포구,34.53672667,126.2232633
전라남도,함평군,월천리,109횟집 앞 선착장,추락,항포구,35.13556667,126.4013167
전라남도,해남군,문내면,전남 해남군 문내면 우수영 구구횟집 ~ 선착장 방향 약 100m지점 해변,추락,항포구,34.58625167,126.3064
전라남도,해남군,북평면,전남 해남군 북평면 오산리 율도 갯벌(해안가),고립,갯벌,34.40744833,126.65188
전라남도,해남군,산이면,금호개발 모래하치장,추락,항포구,34.70756667,126.3725667
전라남도,해남군,송지면,전남 해남군 송지면 송호리 사랑개 선착장,추락,항포구,34.32116667,126.51693
전라남도,해남군,송지면,전남 해남군 송지면 엄남포길 20-26 해안가,추락,해안가,34.35774833,126.5168433
전라남도,해남군,송지면,해남군 대죽리 삼거리 간석지,고립,갯벌,34.35018167,126.5193783
전라남도,해남군,황산면,해남군 황산명 부곡리 성산항 방파제,추락,항포구,34.535325,126.3915583
전라남도,해남군,황산면,해남군 황산면 한자리 인근 선착장,추락,항포구,34.534585,126.4343717
경상북도,경주시,감포읍,전촌항 남방파제 등대 인근 20미터해중,추락,항포구,35.78726667,129.4899333
경상북도,경주시,감포읍,감포리 384-2번지 앞,추락,항포구,35.80323333,129.5017
경상북도,경주시,감포읍,감포항 어민복지회관 앞 10m ,추락,항포구,35.80428167,129.5020233
경상북도,경주시,감포읍,감포항 수협 급유소,추락,항포구,35.80486833,129.50268
경상북도,경주시,양남면,"경북 경주시 양남면 수렴2리, 지경항",추락,항포구,35.65153333,129.443195
경상북도,영덕군,강구읍,강구 대게회타운(강구면 256-115),추락,항포구,36.35576333,129.3869717
경상북도,영덕군,병곡면,영덕군 병곡항내 계류장 끝단 5미터 ,추락,항포구,36.59308833,129.408945
경상북도,영덕군,병곡면,백석리항내,추락,항포구,36.62082167,129.4076017
경상북도,영덕군,축산면,사진3리항 계류장 앞,추락,항포구,36.51932667,129.4389917
경상북도,영덕군,축산면,사진2리~3리 사이 갯바위,추락,갯바위,36.52333833,129.4379317
경상북도,영덕군,축산면,경정2리 항내,추락,항포구,36.48726167,129.43962
경상북도,울릉군,서면,거북바위 물양장 내,추락,항포구,37.456145,130.8547867
경상북도,울릉군,울릉읍,사동신항 중앙부두 앞 ,추락,항포구,37.45623667,130.8725183
경상북도,울릉군,울릉읍,도동항 화물차량 주차장,추락,항포구,37.47586833,130.9051267
경상북도,울릉군,울릉읍,저동항 북방파제 끝단 테트라포트,추락,항포구,37.49329,130.90879
경상북도,울릉군,울릉읍,저동항 어판장 19홀,추락,항포구,37.48950333,130.9060217
경상북도,울진군,평해읍,직산항내,추락,항포구,36.72164,129.4705167
경상북도,울진군,후포면,경북 울진군 후포면 울진대게로 142(통발협회 앞),추락,항포구,36.675045,129.45297
경상북도,울진군,후포읍,후포항내 여객선터미널 부두 앞 ,추락,항포구,36.67423167,129.4565633
경상북도,포항시,남구,포항시 죽도시장내 신포항수산 앞 해상(동빈내항 내) ,추락,항포구,36.034255,129.3689167
경상북도,포항시,남구,포항신항 6문 14번 선석 ,추락,항포구,36.02235,129.4025233
경상북도,포항시,남구,죽도어시장 공판장 앞 ,추락,항포구,36.03521833,129.3684483
경상북도,포항시,남구,신항 74번선석,추락,항포구,36.008675,129.4074883
경상북도,포항시,남구,포항 송도동 포항운하부근 ,추락,항포구,36.03466667,129.369
경상북도,포항시,남구,형산강출장소 앞 슬립웨이,추락,항포구,36.02519833,129.37639
경상북도,포항시,남구,송도동 포항구항 쌍용모래부두 앞,추락,항포구,36.04308,129.371855
경상북도,포항시,남구,포항 북구 죽도동 포항수협 죽도위판장 앞 ,추락,항포구,36.03516833,129.368405
경상북도,포항시,남구,구룡포항내 슬립웨이,추락,항포구,35.98718333,129.55628
경상북도,포항시,북구,영일만항 낚시어선 부두앞 ,추락,해안가,36.10628,129.4347467
경상북도,포항시,북구,두호항 남방파제 약120미터 중간지점 외측,추락,항포구,36.05804333,129.3859167
경상북도,포항시,북구,흥해읍 칠포1리항,추락,항포구,36.13916667,129.3906083
경상북도,포항시,북구,송라면 오도1리항 남쪽 500미터 해안,추락,해안가,36.14289,129.3918733
경상북도,포항시,북구,포항지방해양수산청 후문 앞 ,추락,항포구,36.05093,129.3712067
경상북도,포항시,북구,포항시 흥해읍 칠포리 54-4(마루펜션 인근 해안가),추락,해안가,36.140875,129.39133
경상북도,포항시,북구,포항시 북구 송라면 조사리 소재 대행신고서 앞,추락,항포구,36.219895,129.384875
경상북도,포항시,북구,포항신항 24번 선석 앞,추락,항포구,36.00827333,129.3892433
경상북도,포항시,북구,포항 북구 동빈동 채움병원 앞 ,추락,항포구,36.04102833,129.3696133
경상북도,포항신,남구,구룡포읍 구룡포항북방파제 활어위판장,추락,항포구,35.98644167,129.5555917
경상북도,포항시 ,남구 ,도구해수욕장,추락,해수욕장,35.98845,129.4392617
경상남도,거제시,남부면,거제시 남부면 갈곶리 함목해수욕장 동방 20m ,추락,해안가,34.73747667,128.65258
경상남도,거제시,남부면,거제시 남부면 다포리 여차항 계단식 물량장 앞 ,추락,항포구,34.70743667,128.6234983
경상남도,거제시,남부면,거제시 남부면 대포항 물량장(파출소 앞 물량장),추락,항포구,34.70931667,128.584275
경상남도,거제시,내간리,거제시 거제면 내간리 원조굴구이 앞 선착장,추락,항포구,34.84102167,128.566945
경상남도,거제시,능포로,거제시 능포항 방파제 ,추락,방파제,34.884355,128.73585
경상남도,거제시,덕포동,거제시 덕포동 덕포 물양장 앞 20M,추락,항포구,34.90736667,128.7088333
경상남도,거제시,덕포동,거제시 독포동 덕포횟집 선착장 앞,추락,항포구,34.90756333,128.7085283
경상남도,거제시,둔덕면,학산 마을 학산항 방파제 앞 해상,추락,항포구,34.85348833,128.47237
경상남도,거제시,사등면,경남 거제시 사등면 창호리 창촌마을 앞 ,추락,항포구,34.95672167,128.5093517
경상남도,거제시,사등면,경남 거제시 사등면 가조도 창내 어촌계 회관 방파제 앞 20미터 ,추락,항포구,34.95536833,128.5238767
경상남도,거제시,사등면,거제시 사등면 모래실 사곡교회 앞 물량장,추락,방파제,34.90298333,128.5718
경상남도,거제시,사등면,"거제시 사등면 성포로 3길 12, 활어횟집",추락,해안가,34.920175,128.5219767
경상남도,거제시,사등면,거제면 소재 산달도 카페리 선착장 인근 ,추락,해안가,34.82078333,128.5350483
경상남도,거제시,사등면,거제시 사등면 모래실마을 물량장 크레인 앞 ,추락,항포구,34.90297667,128.57181
경상남도,거제시,사등면,거제시 사등면 사등리 구)삼호조선거제 2공장 암벽 앞 ,추락,항포구,34.90957,128.5380133
경상남도,거제시,일운면,거제시 일운면 지세포리 선창 마을회관 앞,추락,해안가,34.826065,128.709245
경상남도,거제시,장목면,거제시 장목면 외포항 국자횟집 앞 약10m ,추락,항포구,34.93673333,128.71765
경상남도,거제시,장목면,거제시 장목면 관포길 23번지,추락,항포구,34.98861833,128.689995
경상남도,거제시,장목면,거제시 장목면 장목리 장목항 앞 ,추락,항포구,34.98771167,128.67537
경상남도,거제시,장목면,거제시 장목면 외포리 외포위판장 앞 ,추락,항포구,34.936595,128.7178133
경상남도,거제시,장승포동,거제시 장승포동 수협 앞 방파제,추락,항포구,34.85988333,128.7245667
경상남도,거제시,장승포동,거제시 장승포동 장승포 5구 하얀등대횟집 앞,추락,해안가,34.85732833,128.722265
경상남도,거제시,팔랑포2길,거제시 옥포동 팔랑포 방파제 끝단,추락,방파제,34.89263,128.7053867
경상남도,거제시,하청면,거제시 하청면 신동마을 하청선착장 앞 약5m,추락,항포구,34.95601667,128.6416167
경상남도,거제시,하청면,거제시 하청면 실전리 칠천도연륙교 위 추락,추락,해안가,34.9749,128.6415733
경상남도,거제시,하청면,경남 거제시 칠천도 해피투어 선착장 인근(통영장어무한리필 식당 앞),추락,항포구,34.97521667,128.64145
경상남도,거제시,하청면,거제시 하청면 실전리 칠천교 항 ,추락,항포구,34.97379333,128.65036
경상남도,고성군,동해면,고성군 동해면 내곡리 성나루모텔 앞 ,추락,항포구,34.98687167,128.4050667
경상남도,고성군,하일면,고성군 용암포 방파제,추락,항포구,34.90122,128.171155
경상남도,고성군,회화면,고성군 회화면 보전리 마동호 방조제 앞,추락,해안가,35.035025,128.375685
경상남도,남해군,고현면,남해군 고현면 갈화리 방파제 앞 ,추락,항포구,34.89263833,127.8376133
경상남도,남해군,미조면,경남 남해군 미조면 미조리 남항 수협 유류 급유소 ,추락,항포구,34.705425,128.0412433
경상남도,남해군,삼동면,남해군 삼동면 둔촌방파제 앞 ,추락,항포구,34.82556167,128.0261167
경상남도,남해군,설천면,고사 방파제 인근,추락,항포구,34.88832167,127.9216567
경상남도,남해군,설천면,남해군 설천면 진목항 방파제 앞 10m 해상,추락,항포구,34.88621667,127.9172733
경상남도,남해군,이동면,남해군 이동면 초음리,추락,항포구,34.823565,127.9398767
경상남도,남해군,지족리,남해군 지족리 해바리 장어구이 앞 ,추락,해안가,34.82626167,127.9891717
경상남도,남해군,창선면,남해군 창선면 당저2리(해창마을) 방파제 인근 ,추락,방파제,34.837595,128.017875
경상남도,남해군,창선면,남해군 창선면 가인리 방파제 앞 ,추락,항포구,34.88354667,128.0501133
경상남도,사천시,늑도동,사천시 늑도동 늑도항 동방파제,추락,항포구,34.92176333,128.0360567
경상남도,사천시,늑도동,사천시 늑도동 선착장 경사로,추락,항포구,34.920835,128.0377067
경상남도,사천시,동서동,경남 사천시 동서동 새신수도호 선착장,추락,항포구,34.92269167,128.0588383
경상남도,사천시,동서동,사천시 삼천포구항 신수도 도선장 앞 해상,추락,항포구,34.92269167,128.0588517
경상남도,사천시,사남면,사천시 사남면 HSG중공업 크레인 앞 1m ,추락,항포구,35.05809833,128.0390533
경상남도,사천시,서포면,경남 사천시 서포면 비토리(낙지포항),추락,항포구,34.95978167,127.970095
경상남도,사천시,서포면,경남 사천시 서포면 자혜리 구우진 물량장,추락,항포구,35.00194833,128.009425
경상남도,사천시,용현면,경남 사천시 용현면 금문리 방파제 앞 ,추락,해안가,35.00458,128.039955
경상남도,사천시,향촌동,사천시 신향마을 방파제 앞,추락,항포구,34.92104333,128.089265
경상남도,창원시,마산합포구,마산 수협공판장 앞 ,추락,항포구,35.20151667,128.5749
경상남도,창원시,마산합포구,마산합포구 진동면 고현마을 농협앞 해상,추락,항포구,35.10125167,129.4744
경상남도,창원시,마산합포구,창원시 마산합포구 구산면 석곡리 선착장,추락,항포구,35.10488833,128.5422667
경상남도,창원시,마산합포구,창원시 마산합포구 구산면 상용호 삼거리(삼보가든 횟집),추락,해안가,35.07235667,128.6014017
경상남도,창원시,마산합포구,창원시 마산합포구 남성동 부두 유람선 산착장,추락,항포구,35.19173667,128.5717633
경상남도,창원시,마산합포구,창원시 마산합포구 가포동 지중해까페 ,추락,해안가,35.14319167,128.5877617
경상남도,창원시,마산합포구,창원시 마산합포구 수정항,추락,항포구,35.119255,128.58612
경상남도,창원시,마산합포구,창원시 마산합포구 구산면 하포마을 앞,추락,해안가,35.05552833,128.5571817
경상남도,창원시,마산합포구,창원시 마산합포구 해안대로 224-153 인근,추락,해안가,35.189755,128.569665
경상남도,창원시,봉암동,성지공업사 해안가,추락,해안가,35.20657167,128.6016317
경상남도,창원시,성산구,경남 창원시 성산구 귀곡동 용호마을 앞 해양스포츠연수원 전용선착장,추락,항포구,35.15753333,128.604725
경상남도,창원시,안돌동,안골동 대성티엘에스 앞 ,추락,해안가,35.0859,128.7841667
경상남도,창원시,진해구,창원시 진해구 안곡동 나가야 해안,추락,항포구,35.13405,128.6705867
경상남도,창원시,진해구,명동항~삼포항 도로변 낭떠러지,추락,해안가,35.09016,128.72267
경상남도,창원시,진해구,창원시 진해구 수치항,추락,항포구,35.10299667,128.701665
경상남도,창원시,진해구,창원시 진해구 소재 이동레포츠 센터 ,추락,항포구,35.137975,128.68628
경상남도,창원시,진해구,창원시 진해구 속천항 진해수협 제빙냉동공장 앞 ,추락,항포구,35.13824833,128.66961
경상남도,창원시,진해구,창원시 진해구 괴정항 진해수협 괴정위판장,추락,항포구,35.09276,128.7395617
경상남도,통영시,광도면,통영시 광도면 창포항,추락,항포구,36.40390333,129.42261
경상남도,통영시,광도면,통영시 광도면 안정리 예포마을 해안도로 끝,추락,해안가,34.93833333,128.422
경상남도,통영시,도남동,통영시 도남동 수륙해수욕장 블루마린 펜션 앞,추락,해안가,34.818075,128.4368667
경상남도,통영시,도천동,통영시 정량동 소재 세일철물상사 앞 ,추락,항포구,34.839845,128.4339333
경상남도,통영시,동호안길,경남 통영시 동호동 한려무역 앞 ,추락,항포구,34.83956667,128.4343783
경상남도,통영시,미수동,통영시 당동 십오야장어 건녀편 물양장,추락,항포구,34.82491667,128.40255
경상남도,통영시,미수동,통영시 미수동 소재 우성수산 앞 ,추락,해안가,34.82176833,128.3902917
경상남도,통영시,사량면,통영시 사량면 사량농협 물양장 1미터 앞 ,추락,항포구,34.839285,128.2193367
경상남도,통영시,사량면,통영시 사량면 묵방선착장,추락,항포구,34.83345167,128.2373333
경상남도,통영시,산양읍,통영시 산양읍 달아마을 화물선 선착장 앞 ,추락,항포구,34.76866667,128.4068333
경상남도,통영시,산양읍,통영시 산양읍 한산마리나 호텔 입구 해안가 앞 하천,전복,해안가,34.80629167,128.4335017
경상남도,통영시,산양읍,통영시 산양읍 남평리 한산도수산 앞 ,추락,항포구,34.81709667,128.3857267
경상남도,통영시,산양읍,통영시 산양읍 영운리 선착장,추락,항포구,34.80246833,128.4259817
경상남도,통영시,산양읍,통영시 산양읍 풍화리 향촌마을 선착장 앞,추락,항포구,34.82651667,128.3586033
경상남도,통영시,욕지면,경남 통영시 욕지면 동항리 자부마을 앞 ,추락,해안가,34.63413333,128.2684117
경상남도,통영시,용남면,거제 견내량 위판장 나루터 낚시점 앞 공터,추락,항포구,34.88518333,128.4682
경상남도,통영시,풍화리 982-2,통영시 산양읍 풍화리 982-2,추락,해안가,34.82615,128.35347
경상남도,통영시,항남동,통영시 항남동 한산호텔 앞 ,추락,항포구,34.83705167,128.4197917
경상남도,통영시,항남동,통영시 항남동 해수랜드 앞 해상 차락추락 발생,추락,항포구,34.83850833,128.42154
경상남도,하동군,금남면,하동군 금남면 노량 해안마을 낚시광장,추락,해안가,34.95013333,127.8759417
경상남도,하동군,금남면,경남 하동군 남해노량 대교 밑 구노량 출장소 슬립웨이,추락,항포구,34.94177667,127.8712767
경상남도,하동군,금성면,하동군 금성면 갈사리 소재 나팔횟집 인근,추락,해안가,34.94201667,127.7747617
제주특별자치도,제주시,건입동,"남해고속카훼리7호 정박, 제주항 31번석 앞 ",추락,항포구,33.51871667,126.5348667
제주특별자치도,제주시,구좌읍,김녕항 요트투어 앞 안벽,추락,항포구,33.555135,126.73545
제주특별자치도,제주시,도두동,도두유람선 물양장 북쪽 끝단 약 100m 해상,추락,항포구,33.504005,126.4595317
제주특별자치도,제주시,도두일동,도두항 미르호 선착장앞 ,추락,항포구,33.50483,126.45979
제주특별자치도,제주시,한림읍,한림항 외항 서방파제 앞 ,추락,방파제,33.40751333,126.253495
제주특별자치도,제주시,한림읍,한림항 화물선 부두 앞 ,추락,항포구,33.40748333,126.2533167
제주특별자치도,제주시,한림읍,한림 수협 어판장 앞에 차량이 빠짐,추락,항포구,33.40978333,126.256635
제주특별자치도,제주시,한림읍,제주시 한림읍 협재리 협재포구 내,추락,항포구,33.39258333,126.2393
제주특별자치도,서귀포시,대정읍,운진항 소형어선 부두,추락,항포구,33.20624667,126.25388
제주특별자치도,서귀포시,대정읍,운진항 여객대합실 앞 항내 ,추락,항포구,33.20574667,126.2549233
제주특별자치도,서귀포시,대정읍,수협어판장,추락,항포구,33.20990833,126.25034
제주특별자치도,서귀포시,대정읍,서귀포시 대정읍 운진항,추락,항포구,33.20574667,126.2549333
제주특별자치도,서귀포시,대정읍,운진항(모슬포남항),돌진,항포구,33.20998333,126.2432367
제주특별자치도,서귀포시,대포로,서귀포시 대포로 172-7(대포동 어촌계잠수 탈의장),추락,항포구,33.236305,126.4368383
제주특별자치도,서귀포시,서귀동,서귀포항 6부두 외측 끝단,추락,항포구,33.23569833,126.5682967
제주특별자치도,서귀포시,서홍동,로즈마린 카폐 앞 포구,추락,항포구,33.23853667,126.5558033
제주특별자치도,서귀포시,성산읍,성산리 성산항 도선장 컨테이너 앞 22m ,추락,항포구,33.47049,126.9266633
제주특별자치도,서귀포시,송산동,서귀포항 5부두,추락,항포구,33.23522333,126.5672667
제주특별자치도,서귀포시,칠십리로,서귀포수협 연쇄점 앞 ,추락,항포구,33.23703833,126.5580383
강원도,강릉시,견소동,강릉시 안목해변 스타벅스 앞 해상,너울성파도,해안가,37.76955167,128.942595
강원도,강릉시,해안로,강릉 순긋해수욕장,너울성파도,해안가,37.809965,128.8893833
강원도,강릉시,사천면,사천진해수욕장,너울성파도,해수욕장,37.83820833,128.8718317
강원도,동해시,어달동,어달항 방파제,너울성파도,방파제,37.55748,129.11863
강원도,삼척시,교동,작은후진 해변,너울성파도,해안가,37.45858833,129.17176
강원도,고성군,토성면,봉포해변 (청년 상상마당 앞 해변),너울성파도,해수욕장,38.25185,128.5587533
강원도,속초시,영랑동,영금정 갯바위,너울성파도,갯바위,38.20687167,128.6009117
강원도,양양군,강현면,낙산 방파제,너울성파도,방파제,38.11980667,128.6261967
강원도,양양군,현북면,하조대 전망대 인근,너울성파도,해안가,38.02002,128.7239417
강원도,양양군,현남면,남애3리 인근 해안가,너울성파도,해안가,37.93835167,128.78579
경상북도,영덕군,축산면,축상항 5길 삼거리 앞,너울성파도,갯바위,36.50702333,129.4427833
경상북도,포항시,장기면,계원 1리 항내,너울성파도,방파제,35.86934667,129.5234367
경상북도,포항시,청하면,이가리 양지해변,너울성파도,해안가,36.18438167,129.3834317
경상북도,포항시,송라면,화진2리 더케이프 앞 해안가,너울성파도,해안가,36.238605,129.3754417
인천광역시,옹진군,덕적면,소야도 선착장 인근 방파제 앞 ,추락,,37.22116667,126.15635
인천광역시,옹진군,영흥면,인천 옹진군 선재도 목섬,추락,,37.22416667,126.5263333
인천광역시,옹진군,영흥면,인천시 웅진군 선재도 목섬 인근 ,고립,,37.22433333,126.5263333
인천광역시,웅진군,선재리,인천시 옹진군 선재리 뻘다방 주차장 슬립웨이,추락,,37.22637,126.5265067
인천광역시,웅진군,영흥면,인천 옹진군 영흥면 측도 진입로,고립,,37.23541667,126.5210167
인천광역시,웅진군,영흥면,측도 펜션 앞 갯벌,고립,,37.233735,126.5180717
인천광역시,웅진군,영흥면,용담리 해수욕장 모래사장,고립,,37.23778333,126.47085
인천광역시,웅진군,영흥면,인천시 옹진군 영흥면 선재리 선재선착장 앞 ,추락,,37.2344,126.5363667
인천광역시,웅진군,영흥면,옹진군 선재도 측도 인근 ,고립,,37.2347,126.5191
인천광역시,웅진군,영흥면,선재도~측도 도로 6번째 철탑(인천 옹진군 선재도 선재로 95번길),고립,,37.23475,126.5192183
인천광역시,웅진군,영흥면,인천시 옹진군 영흥면 수협공판장 앞 선착장,고립,,37.25228167,126.4918917
인천광역시,웅진군,영흥면,인천시 웅진군 영흥면 넛출 선착장,고립,,37.25252667,126.50642
인천광역시,옹진군,영흥면,인천 영흥면 내리 진두선착장,고립,,37.25267833,126.49263
인천광역시,옹진군,영흥면,진두항 중간 계류장,고립,,37.25268833,126.4926167
인천광역시,옹진군,영흥면,영흥면 내리 어촌계 앞 ,고립,,37.25911667,126.4911067
인천광역시,옹진군,영흥면,인천 옹진군 영흥면 영흥로 366(중앙슈퍼) 앞,추락,,37.25159167,126.4717767
인천광역시,웅진군,영흥면,인천 옹진군 영흥면 내리 238-97 붉은노리펜션 앞,추락,,37.25165,126.4719667
인천광역시,웅진군,영흥면,인천 옹진군 영흥면 장경리 해수욕장 의용소방대 가건물 앞 갯벌,고립,,37.27028333,126.44315
인천광역시,옹진군,영흥면,인천 옹진군 영흥면 영흥도 장경리 해수욕장 해안가 갯벌,고립,,37.2703,126.4431667
경기도 ,시흥시,정왕동,오이도 중간선착장,고립,,37.322045,126.652855
경기도 ,시흥시,정왕동,시화방조제 중간선착장,고립,,37.32233333,126.6526667
경기도 ,시흥시,정왕동,경기도 시흥 중간선착장,추락,,37.32235333,126.652795
경기도,시흥시,오이도로,오이도선착장 갯벌체험장 슬립웨이,추락,,37.34033333,126.6846667
인천광역시,송도동,,송도블루오션 인근 ,추락,,37.3555,126.6503333
인천광역시,중구,무의도,인천시 중구 무의도 광명항 인근 덕점방파제,추락,,37.36949833,126.434335
인천광역시,중구,무의동,무의도 큰무리 선착장 슬립웨이 앞 ,추락,,37.40612833,126.40876
인천광역시,중구,덕교동,인천 중구 덕교동 잠진선착장 및 갯벌,추락,,37.416775,126.40906
인천광역시,중구,덕교동,인천광역시 중구 덕교동-잠진도 간 연결 도로중간,추락,,37.41955333,126.4170433
인천광역시,중구,운서동,인천 중구 참진도길 11 거잠포선착장,고립,,37.41965833,126.4219867
인천광역시,중구,을왕동,인천시 중구 을왕동 선녀바위 해수욕장,고립,,37.43717667,126.3738383
인천광역시,중구,서해대로,영진부두(남항소재) ,추락,,37.44025833,126.6177067
인천광역시,중구,을왕동,을왕해수욕장 통합센터 앞 해안가,고립,,37.44063333,126.3703167
인천광역시,중구,항동,인천 중구 남항부두 인근 ,추락,,37.44074667,126.6031683
인천광역시,중구,을왕동,을왕리해수욕장 태종대 횟집 앞 ,고립,,37.44142167,126.3702383
인천광역시,중구,을왕동,을왕리 해수욕장 해피마트 정면 30m 앞 모래사장,고립,,37.44195,126.3701167
인천광역시,중구,을왕동,을왕리 선착장 앞 ,추락,,37.442255,126.3683383
인천광역시,중구,을왕동,"인천시 을왕동 소재 선녀바위 선착장 앞 10M 모래밭,",고립,,37.43486,126.375825
인천광역시,중구,을왕동,왕산해수욕장 해변,고립,,37.45233333,126.3683333
인천광역시,중구,을왕동,인천광역시 중구 을왕동 소재 왕산해수욕장 모래사장,고립,,37.45358333,126.3677
인천광역시,중구,항동,인천 중구 소재 연안부두 7잔교,추락,,37.45462833,126.59138
인천광역시,서구,원창동,인천 서구 원창동 SK저유소 제4부두 돌핀부두,추락,,37.45474833,126.6203633
인천광역시,중구,을왕동,인천 영종도 왕산해수욕장 인근,고립,,37.45475667,126.3592967
인천광역시,중구,항동,연안부두 6잔교,추락,,37.45532833,126.5921817
인천광역시,중구,항동,인천 중구 연안부두 5잔교 수협공판장 앞 ,추락,,37.455695,126.592675
인천광역시,중구,항동,인천 남항부두 미래해운 앞 ,고립,,37.45128833,126.6057617
인천광역시,중구,월미동,인천시 중구 북성동 소재 인천해경 월미출장소 옆(공영주차장 앞 ),추락,,37.47285167,126.5920133
인천광역시,중구,영종도,"인천시 중구 영종도 공항북로 중간지점, 제3경비단 초소(화-63) 앞 ",추락,,37.48623333,126.40175
인천광역시,동구,만석동,인천 만석부두 성혜개발 앞 ,추락,,37.48689833,126.6179867
인천광역시,중구,중산동,인천광역시 중구 중산동 소재 구읍뱃터(제1부두 및 제2부두 선착장 사이) 중간 선착장,추락,,37.48869667,126.5756767
인천광역시,중구,중산동,구읍뱃터 어선 선착장,추락,,37.48891667,126.5752167
인천광역시,중구,운서동,영종도 삼목선착장 앞 갯벌,추락,,37.49323833,126.451475
인천광역시,웅진군,북도면,인천시 옹진군 북도면 신도2리 선착장,추락,,37.50845333,126.43698
인천광역시,중구,중산동,인천시 중구 중산동 1823-1 선착장,추락,,37.50983333,126.55835
인천광역시,웅진군,북도면,장봉도 작은 야달 선착장 내,고립,,37.52002167,126.3228267
인천광역시,웅진군,북도면,장봉도 옹암 해수욕장 백사장,고립,,37.52458333,126.3701833
인천광역시,웅진군,북도면,인천시 옹진군 북도면 장봉리 소재 장봉 선착장,추락,,37.5251,126.38395
인천광역시,중구,장봉도,인천 중구 장봉도 옹암선착장 인근,고립,,37.52564167,126.38414
인천광역시,웅진군,장봉도,인천 옹진군 장봉도 옹암 선착장 옆 해안 ,고립,,37.52598333,126.3833667
인천광역시,서구,영종대로,영종대교,추락,,37.54033333,126.5763333
인천광역시,웅진군,북도면,장봉도 일리선착장 인근 해안가,고립,,37.53469667,126.383905
인천광역시,옹진군,북도면,가막머리 낙조대,추락,,37.556,126.305
인천광역시,웅진군,북도면,찬우물 해변 모래톱,고립,,37.55159167,126.3230083
인천광역시,강화군,화도면,강화도 분오 선착장,추락,,37.58707333,126.45754
인천광역시,강화군,길상면,강화군 선두5리 선착장 ,고립,,37.58971667,126.4903667
인천광역시,강화군,길상면,인천 강화군 길상면 동검도 동검선착장 앞 (갯벌),추락,,37.58490333,126.5219917
인천광역시,강화군,길상면,해안남로 298번길 장어마을 앞 도로,추락,,37.60618167,126.518945
인천광역시,옹진군,연평면,옹진군 연평면 소연평도,추락,,37.60789333,125.7191167
인천광역시,옹진군,연평면,소연평도 동측방파제 앞 ,추락,,37.6085,125.7056667
인천광역시,강화군,길상면,강화도 황산바다낚시터,추락,,37.61983333,126.5345
인천광역시,강화군,길상면,경찰수련원 인근,추락,,37.62152333,126.5338183
인천광역시,강화군,길상면,강화도 황산도 레저낚시터 인근 갯벌,추락,,37.61830333,126.534695
인천광역시,강화군,화도면,후포항 선수 선착장,추락,,37.63670167,126.38466
인천광역시,강화군,화도면,강화도 후포항 선착장,추락,,37.63671667,126.3846417
인천광역시,강화군,화도면,강화군 화도면 내리 4-1857번지 용궁횟집 앞,추락,,37.63703333,126.3859333
인천광역시,웅진군,연평면,인천 옹진군 연평면 당섬~안목선착장 약 50m 도로,고립,,37.65001667,125.7078
인천광역시,옹진군,연평면,연평도 내항선착장,추락,,37.65319,125.7065617
인천광역시,웅진군,연평면,인천시 옹진군 연평면 당섬 외항선착장,추락,,37.653435,125.70779
인천광역시,웅진군,연평면,인천시 옹진군 연평면 연육교 다리 밑 잠수도로,추락,,37.65373333,125.7029833
인천광역시,웅진군,연평면,,추락,,37.65840167,125.7062617
인천광역시,강화군,양도면,인천시 강화 양도면 건평리 건평선착장 70m,추락,,37.6748,126.3927333
인천광역시,강화군,내가면,강화군 내가면 외포리 정포항(외포항),추락,,37.70024333,126.375355
인천광역시,강화군,내기면,황청포구 선착장 주차장 앞,추락,,37.70731667,126.3518667
인천광역시,강화군,삼산면,서검항 선착장,추락,,37.71710333,126.234215
인천광역시,강화군,내가면,강화 계룡돈대 인근 갯벌,고립,,37.720485,126.3523917
인천광역시,강화군,교동,인천 강화군 교동 죽산포 선착장,추락,,37.75498833,126.237955
인천광역시,웅진군,대청면,대청도 여객선 선착장옆 물량장,추락,,37.822285,124.716705
인천광역시,웅진군,백령면,사곶해변 주 출입로 30m 부근,고립,,37.952,124.7201667
인천광역시,웅진군,용기포,백령 용기포 선착장 부두,추락,,37.95308333,124.7347
인천광역시,웅진군,백령면,백령도 사항포 포구 차량 추락 관련,추락,,37.96998333,124.642
충청남도,당진시,신평면,당진시 삽교방조제 함상공원 인근 갯벌,추락,,36.891,126.8176667
충청남도,당진시,신평면,충남 당진시 맷돌포구 슬립웨이,추락,,36.90599667,126.80904
충청남도,당진시,신평면,부수리 105-6 해안산책로(맷돌포구),추락,,36.90116667,126.8095
충청남도,당진시,송악읍,부곡공단로 68-20 짬모텔 앞,고립,,36.9395,126.7896667
충청남도,당진시,송악읍,복운리 1670번지(GS EPS 발전소 하단),고립,,36.95,126.7873333
충청남도,당진시,송악읍,충남 당진시 송악읍 안섬포구 인근해안가,추락,,36.98616667,126.7358333
경기도,평택시,포승읍,경기도 평택시 동부두 1정문 도로 끝부분 수로,고립,,36.98369333,126.8213133
충청남도,당진시,석문면,당진시 송산면 가곡리1-1,추락,,36.99284833,126.6849967
충청남도,서산시,대산읍,삼길포 선착장,고립,,37.00281333,126.4514417
충청남도,당진시,석문면,당진시 석문면 마섬포구 어부마을 앞 갯벌,고립,,37.02136333,126.5703817
충청남도,당진시,석문면,당진시 석문면 장고항 1리 석문방조제 물양장,고립,,37.02208,126.5743517
충청남도,당진시,석문면,당진시 석문면 난지도리 도비도선착장,추락,,37.017595,126.4569683
충청남도,당진시,석문면,교로리 당진화력 회처리장 내,고립,,37.02516667,126.4715
충청남도,당진시,석문면,당진시 석문면 장고항 동측 선착장 끝단,추락,,37.02555833,126.5557017
경기도,화성시,서신면,경기도 화성시 서신면 제부리(바닷길 진입로 500m),고립,,37.17223333,126.6416767
경기도,화성시,서신면,경기 화성시 서신면 제부도 물길 중간부 출도 방향(바닷길 가로등 27~28번),추락,,37.17260333,126.6398117
경기도,화성시,서신면,제부도 입도도로,추락,,37.17261333,126.6398067
경기도,화성시,서신면,제부리 제부도 선착장 앞,고립,,37.17391,126.61974
경기도,화성시,서신면,경기도 화성시 서신면 전곡리 전곡항 슬립웨이,고립,,37.18558833,126.6508117
경기도,안산시,단원구,경기도 안산시 탄도항 부잔교,고립,,37.18742167,126.6408333
경기도,안산시,단원구,경기도 안산시 단원구 탄도항 슬립웨이,고립,,37.188215,126.6411783
경기도,안산시,대부북동,경기도 안산시 단원구 대부북동 1851-7 명동횟집 앞 ,고립,,37.27456,126.5425767
경기도,안산시,대부북동,안산시 대부북동 소재 구봉도 주차장 옆 해안가 진입 도로상 ,고립,,37.27552833,126.5508167
경시도,안산시,단원구,경기도 안산시 단원구 대부북동 구봉도 주차장,고립,,37.27566667,126.5506667
경기도,안산시,대부북동,경기도 안산시 단원구 대부북동 산33번지 구봉타운길 39-15 인근 해안가(구봉도 천연약수횟집 앞),고립,,37.27588167,126.5504733
경기도,안산시,대부북동,경기도 안산시 단원구 대부북동 구봉도 낙조전망대 인근,고립,,37.28516667,126.5361667
경기도,안산시,대부북동,경기도 안산시 단원구 대부북동 1843-3번지 바지락칼국수집 앞 ,고립,,37.28581333,126.571335
경기도,안산시,대부북동,경기도 안산시 단원구 대부북동 방아머리해수욕장 해변,고립,,37.286,126.5716667
경기도,안산시,대부북동,안산시 대부북동 구봉도 선돌바위 인근 해안도로,고립,,37.284,126.537
경기도,안산시,대부북동,안산시 방아머리 선착장 끝단,추락,,37.29132333,126.5710883
경기도,안산시,대부북동,경기도 안산시 단원구 대부북동 구봉도,고립,,37.28466667,126.537
경기도,안산시,구봉도,경기도 안산시 소재 구봉도 낙조전망대 인근 해안가,고립,,37.28483333,126.5368333
충청남도,당진시,석문면,당진시 석문면 장고항리 장고항 선착장,고립,,37.03536,126.5569483
충청남도,당진시,석문면,당진시 석문면 교로2리 왜목 캠프 앞 해변,고립,,37.04036,126.5228067
충청남도,당진시,석문면,당진시 석문면 교로리 왜목 선착장,고립,,37.04231,126.5232283
충청남도,당진시,석문면,당진시 석문면 장고항리,추락,,37.03453167,126.5507033
충청남도,당진시,석문면,대난지도 마을선착장 인근 갯벌,고립,,37.05203,126.4427167
경기도,화성시,서신면,경기도 화성시 궁평항 중간선착장,고립,,37.07,126.7253333
경기도,화성시,우정읍,매향2리 중간선착장,고립,,37.07010667,126.7253633
경기도,화성시,서신면,경기도 화성시 서신면 궁평리 궁평항 선착장,고립,,37.10918333,126.67515
경기도,화성시,서신면,궁평항 선착장,추락,,37.10933333,126.6730467
경기도,화성시,서신면,궁평항 긴선착장,고립,,37.1095,126.672
경기도,화성시,서신면,경기도 화성시 서신면 궁평리 1049-24(궁평유원지 진입로),고립,,37.117,126.6833333
경기도,화성시,서신면,경기도 화성시 궁평항 갯벌체험장 인근 슬립웨이,고립,,37.11716667,126.6765
경기도,화성시,서신면,궁평항,추락,,37.11721,126.67504
경기도,화성시 ,서신면,궁평유원지,고립,,37.12422333,126.6759267
경기도,화성시,서신면,경기도 화성시 궁평항 해안가 도로,고립,,37.11783333,126.6841667
충청남도,보령시,웅천읍,독산해수욕장 주변 ,고립,,36.22016667,126.5251667
충청남도,보령시,남포면,죽도 선착장,추락,,36.27188833,126.5366533
충청남도,보령시,신흑동,대천해수욕장 지구대 앞 백사장,고립,,36.30666667,126.5078333
충청남도,보령시,신흑동,대천항 유람선부두 ,추락,,36.32321167,126.50673
충청남도,보령시,신흑동,대천서부수협 앞 ,추락,,36.323215,126.508285
충청남도,보령시,신흑동,대천항 대천파출소 앞 ,추락,,36.32323167,126.5053433
충청남도,보령시,신흑동,대천항 여객선 터미널 물량장 앞 ,추락,,36.32325,126.50745
충청남도,보령시,신흑동,신협수협 인근 선착장,추락,,36.32343333,126.5042017
충청남도,태안군,고남면,충남 태안군 영목항 앞 선착장,고립,,36.39295833,126.4227383
충청남도,태안군,고남면,영목항 선착장(출장소 앞 슬립웨이),고립,,36.39297167,126.4227467
충청남도,태안군,고남면,충남 태안군 고남면 가경주항 방파제 인근,추락,,36.404315,126.4066783
충청남도,태안군,고남면,충남 태안군 고남면 바람아래 해변,고립,,36.407515,126.37286
충청남도,태안군,고남면,장삼포해수욕장 해변,고립,,36.42016667,126.3556667
충청남도 ,태안군,고남면,구매항 ,고립,,36.42153,126.425735
충청남도,태안군,고남면,태안군 고남면 구매항 선착장,고립,,36.42154167,126.425735
충청남도,태안군,안면읍,중장리 대야도 선착장,고립,,36.46677,126.409645
충청남도,태안군,안면읍,꽃지해수욕장 백사장(리솜오션캐슬 앞),고립,,36.48638833,126.33498
충청남도,태안군,안면읍,방포항,추락,,36.50228,126.3347467
충청남도,안면읍,방포항,충남 태안군 안면읍 방포항,추락,,36.50313,126.3259583
충청남도,태안군,안면읍,안면해수욕장,고립,,36.54283333,126.3236667
충청남도,태안군,안면읍,충남 태안군 안면읍 황도,고립,,36.60016667,126.3848333
충청남도,서산시,부석면,간월암 삼거리 해변,추락,,36.60321167,126.4076417
충청남도,태안군,남면,당암리 수협위판장 앞 ,고립,,36.6195,126.3531667
충청남도,태안군,남면,당암리 선착장,고립,,36.61966667,126.3536667
충청남도,태안군,남면,태안군 마검포항 선착장,추락,,36.62083333,126.2845
충청남도,서산시,부석면,창리항 선착장,고립,,36.62139667,126.36707
충청남도,태안군,남면,충남 태안군 남면 천수만로 467번지(남면 당알리 관광안내소),추락,,36.62162167,126.3557483
충청남도,태안군,남면,몽산포항 내,고립,,36.670105,126.270505
충청남도,태안군,근흥면,신진항 물량장 앞,추락,,36.67329,126.13517
충청남도,태안군,근흥면,신진도 수협위판장 앞  ,추락,,36.67383333,126.135
충청남도,태안군,소원면,어은돌항 물양장 내,고립,,36.74316667,126.123
충청남도,태안군,소원면,만리포해수욕장 돌섬횟집 앞 백사장,고립,,36.78466667,126.1383333
충청남도,태안군,소원면,만리포해수욕장 해변,고립,,36.78483333,126.1381667
충청남도,태안군,소원면,충남 태안군 천리포 출장소 앞 슬립웨이 끝단,고립,,36.80216667,126.1418333
충청남도,태안군,소원면,의항리 3구 소근진 소들선착장 ,고립,,36.81851333,126.17559
충청남도,태안군,소원면,충남 태안군 소원면 소재 의향 남향 갯바위 끝단,고립,,36.82175333,126.171305
충청남도,서산시,팔봉면,구도항 선착장,고립,,36.82296333,126.3221067
충청남도,태안군,소원면,의항리 개목항 방향 웅도 방조제,고립,,36.82383333,126.1671667
충청남도,태안군,원북면,신두리 해안사구 로타리 해변,고립,,36.83566667,126.184
충청남도,태안군,원북면,충남 태안군 원북면 신두리 사구,고립,,36.838,126.1871667
충청남도,태안군,원북면,신두리 해안사구 앞 해변 ,고립,,36.84066667,126.1903333
충청남도,태안군,원북면,신두리 해안사구 우측 끝단 모래사장,고립,,36.8505,126.1921667
충청남도,태안군,원북면,충남 태안군 원북면 소재 구례포해수욕장 좌측 끝단,고립,,36.884,126.1893333
충청남도,태안군,학암포,충남 태안군 학암포 안채 해수욕장 모래사장,고립,,36.89266667,126.205
충청남도,태안군,원북면,학암포항 선착장 ,추락,,36.90160667,126.2038667
충청남도,서산시,대산읍,웅도 잠수교,고립,,36.922,126.3873333
충청남도,서산시,대산읍,웅도 잠수교,고립,,36.92233333,126.3873333
충청남도,서산시,대산읍,오지리 벌말항 선착장 끝단,고립,,36.95678667,126.3334067
충청남도,보령시,웅천읍,보령시 웅천읍 독산해수욕장 백사장,고립,,36.2202,126.5251833
충청남도,보령시,웅천읍,독산해수욕장 안쪽 슬립웨이 부근,고립,,36.22616667,126.5245
충청남도,보령시,웅천읍,무창포항 우정수산 앞 슬립웨이,고립,,36.24208667,126.536715
충청남도,보령시,남포면,충남 보령시 남포면 월전리 용두해수욕장,고립,,36.25666667,126.5405
충청남도,보령시,신흑동,대천해수욕장 4번망루 인근 해변,고립,,36.30399833,126.5093617
충청남도,보령시,신흑동,보령시 신흑동 대천해수욕장 신광장 앞 해변,고립,,36.30833333,126.506
충청남도,보령시,신흑동,보령시 신흑동 대천항 근해안강망 부두,추락,,36.32318333,126.5082717
충청남도,보령시,오천면,삽시도 진너머 해수욕장 ,고립,,36.34116667,126.3513333
충청남도,보령시,오천면,원산도해수욕장 입구,고립,,36.35783333,126.4236667
충청남도,보령시,내항동,충남 보령시 내항동 세월교(잠수교),고립,,36.35116667,126.5565
충청남도,보령시,오천면,충남 보령시 오천면 수협 앞 슬립웨이,추락,,36.43683333,126.5183333
충청남도,보령시,오천면,보령시 오천면 오천항 수협 앞 물량장,고립,,36.437,126.519
충청남도,홍성군,서부면,충남 홍성군 서부면 궁리항 선착장,추락,,36.50420167,126.4764533
충청남도,홍성군,궁리,충남 홍성군 궁리 농어촌공사 사무실 앞 ,추락,,36.51666667,126.4761667
충청남도,홍성군,천북면,"홍성군 홍성방조제(장은항, 수룡항 사이)",추락,,36.52083333,126.485
충청남도,홍성군,서부면,남당항-어사항 사이(어사항 100m전) 해안가,고립,,36.54066667,126.459
충청남도,홍성군,서부면,궁리항포구 선착장,고립,,36.58616667,126.4541667
충청남도,서천군,마서면,서천군 마서면 송석리 송석항 남방,고립,,36.07295167,126.6190417
충청남도,서천군,비인면,서천군 비인면 다사리 다사항 선착장,추락,,36.09083333,126.6075
충청남도,서천군,서면,서천군 마량항,추락,,36.124095,126.5027983
충청남도,서천군,비인면,서천군 비인면 소재 쌍도(선도리갯벌체험장 모래사장),고립,,36.126265,126.57595
충청남도,서천군,서면,충남 서천군 마량항 마량해경출장소 우측 약 100미터 ,추락,,36.13389333,126.5028533
충청남도,서천군,서면,홍원 안강망 부두 슬립웨이,추락,,36.15471667,126.5021067
충청남도,서천군,서면,"홍원항 수협위판장 앞 물량장
마리나항 물량장",고립,,36.154755,126.5001417
충청남도,서천군,서면,홍원항 홍원파출소 앞 ,추락,,36.15540833,126.4932167
충청남도,서천군,서면,충남 서천군 서면 홍원항 너뱅이횟집 앞 갯바위,추락,,36.15550667,126.49262
충청남도,서천군,서면,충남 서천군 서면 홍원항 마리나부두 선착장,추락,,36.15570667,126.50399
충청남도,서천군,서면,충남 서천군 서면 홍원항 가온낚시점 앞 슬립웨이,추락,,36.15111833,126.507915
전라북도,군산시,비응도동,군산 비응항 제방공장 앞 서해조선소 옆 물량장,추락,,35.93333333,126.5246667
충청남도,서천군,장항읍,서천군 장항읍 송림리 모래터 서쪽갯벌 100m,고립,,36.021,126.658
충청남도,서천군,장항읍,충남 장항읍 송림산림욕장 해안가 100m 앞 갯벌,고립,,36.01735333,126.658875
전라북도,고창군,상하면,구시포해수욕장 1987부대 부근 갯벌체험장,추락,,35.43833333,126.4338333
전라북도,고창군,상하면,전라북도 고창군 상하면 구시포해수욕장,고립,,35.44043333,126.4345583
전라북도,고창군,상하면,전북 고창군 상하면 구시포 방파제 북방 300미터 해안,추락,,35.44324,126.4348567
전라북도,고창군,상하면,전북 고창군 상하면 자룡리 명사십리 해수욕장,고립,,35.47005667,126.45311
전라북도,고창군,해리면,전라북도 고창군 해리면 광승리 상부마을 앞 갯벌,고립,,35.48698333,126.4593667
전라북도,고창군,해리면,전라북도 고창군 해리면 동호해수욕장 주차장,추락,,35.5035,126.4708333
전라북도,고창군,해리면,전북 고창군 해리면 전북수산기술연구소앞 해안가,고립,,35.50606667,126.4738667
전라북도,고창군,해리면,전북 고창군 해리면 동호해수욕장 출입구,고립,,35.517185,126.493215
전라북도,부안군,변산면,부안군 변산면 소재 모항해수욕장 해변,고립,,35.57595,126.5045333
전라북도,부안군,위도면,전북 부안군 위도면 미영금해수욕장 입구 가장자리 자갈밭,고립,,35.5851,126.2556833
전라북도,부안군,진서면,부안군 진서면 운호리 마동방조제 우쪽 끝단 진입 길,고립,,35.5841,126.5545667
전라북도,부안군,변산면,전라북도 부안군 변산면 격포항 소형선박 계류장 앞,추락,,35.62053167,126.46833
전라북도,부안군,변산면,전라북도 부안군 변산면 성천항 모래사장,고립,,35.65486667,126.5017
전라북도,부안군,변산면,고사포 해수욕장,고립,,35.65763333,126.50525
전라북도,부안군,변산면,전라북도 부안군 변산면 가력도항 방파제(가력도 출장소 정면 건너편),추락,,35.722295,126.524145
전라남도,진도군,임회면,전남 진도군 임회면 남동리 인근 ,추락,,34.358555,126.158105
전라남도,진도군,임회면,팽목선착장 앞 ,추락,,34.37125667,126.13402
전라남도,진도군,의신면,금갑리수품항 수품출장소 앞 ,추락,,34.37437167,126.3041333
전라남도,진도군,의신면,인근 ,추락,,34.3875,126.288
전라남도,진도군,지산면,전남 진도군 지산면 거제 선착장 ,추락,,34.48502,126.1705283
전라남도,신안군,도초면,이곡리 선착장,추락,,34.68635833,126.0060267
전라남도,신안군,비금면,화도리 선착장,추락,,34.70949333,125.9355383
전라남도,목포시,고하대로,신항교차로,추락,,34.75116667,126.3568333
전라남도,목포시,해안로,인도양횟집 앞 ,추락,,34.77506833,126.3683983
전라남도,목포시,고하대로,서해어업관리단 전용부두,추락,,34.79026167,126.35299
전라남도,목포시,북항동,목포시 죽교동 북항 2부두 선착장,추락,,34.79316667,126.3546667
전라남도,목포시,삼학로,대흥수산 쇄빙탑 앞 ,추락,,34.7845,126.3873333
전라남도,목포시,북항동,전남 목포시 죽교동 북항 2부두 선착장,추락,,34.80350833,126.35793
전라남도,목포시,북항동,전남 목포시 북항 1부두,추락,,34.803655,126.3570267
전라남도,목포시,죽교동,672 북항 1부두 선착장,추락,,34.803685,126.3570117
전라남도,목포시,고하대로,북항 4부두 수협급유소 부근,추락,,34.80116667,126.3543333
전라남도,신안군,압해읍,전남 신안군 압해읍 송공선착장,추락,,34.842345,126.2225217
전라남도,신안군,암태면,당사도 선착장,추락,,34.88502667,126.1707183
전라남도,신안군,압해읍,고이도 선착장,추락,,34.95615167,126.2873733
전라남도,무안군,운남면,무안군 운남면 신월선착장 ,추락,,34.95647333,126.2912033
전라남도,영광군,염산면,향화도 선착장 앞 ,추락,,35.16848333,126.3557717
전라남도,영광군,낙월면,전남 영광군 낙월면 상낙월리 도로변,추락,,35.2005,126.14
전라남도,신안군,인자면,진리선착장,추락,,35.07548333,126.1196667
전라남도,함평군,월천리,109횟집 앞 선착장,추락,,35.13607167,126.3882117
전라남도,완도군,노화읍,완도군 노화읍 이목리 노화조선소 앞 ,추락,,34.17372833,126.5576117
전라남도,완도군,청산면,청산면 도청항 슬로프(경사도),추락,,34.17533333,126.8523333
전라남도,완도군,노화읍,완도군 노화읍 넙도선착장,추락,,34.2005,126.5096667
전라남도,완도군,노화읍,완도군 노화읍 미라리선착장,추락,,34.22183333,126.5575
전라남도,완도군,완도읍,전남 완도군 완도읍 석장리 항포구,추락,,34.29138833,126.737475
전라남도,완도군,해남군,해남군 송지면 송호리 땅끝항 선착장,추락,,34.2925,126.525
전라남도,완도군,완도읍,완도군 완도읍 완도항 1부두,추락,,34.31933333,126.7425
전라남도,완도군,신지면,완도군 명사 방파제,추락,,34.32150333,126.8019383
전라남도,완도군,신지면,동고리 대행신고소(신지로1220-84) 앞 선착장,추락,,34.32152333,126.8757983
전라남도,완도군,금일읍,물하태선착장,추락,,34.323325,126.7724267
전라남도,완도군,고금면,전남 완도군 고금면 상정항,추락,,34.351875,126.7730367
전라남도,완도군,금일읍,완도군 금일읍 신평리 사이 바닷길 공사구간,추락,,34.353,127.057
전라남도,완도군,약산면,완도군 약산면 득암항 안 서쪽 방파제,추락,,34.35553167,126.8879467
전라남도,완도군,약산면,완도군 약산면 가시리 해수욕장,추락,,34.35829,126.920775
전라남도,완도군,금일읍,완도군 금일읍 화목리 화전항 선착장,추락,,34.35116667,127.0098333
전라남도,완도군,약산면,완도군 약산면 당목항 여객선착장 앞 ,추락,,34.37366667,126.9411667
전라남도,완도군,약산면,완도군 약산면 조약도 당목항,추락,,34.37368333,126.9412
전라남도,완도군,소안면,완도군 소안면 비서리 선착장,추락,,34.3875,126.8675
전라남도,완도군,군외면,원동대교 아래 해안가(육상) 달도 방향,추락,,34.38983333,126.6396667
전라남도,진도군,고군면,진도군 고군면 금계리 회동마을 앞 ,추락,,34.42033333,126.342
전라남도,완도군,금당면,전남 완도군 금당면 울포 여객선 부두,추락,,34.42323,127.0716883
전라남도,장흥군,회진면,장흥군 회진면 삭금항내 커브길에서 운전중 운전 미숙  추락,추락,,34.44217,126.923145
전라남도,강진군,마량면,전남 강진군 마량면 강진수협위판장 앞 ,추락,,34.44264833,126.8201883
전라남도,강진군,마량면,강진군 마량항,추락,,34.44266667,126.8196667
전라남도,완도군,생일면,전남 완도군 생일면 덕우도,추락,,34.44274,126.8186483
전라남도,강진군,마량면,해양구조협회 강진구조대 사무실 옆 선착장,추락,,34.44283333,126.8173333
전라남도,강진군,신전면,사초리 풍수수산 앞 갯벌,추락,,34.47383333,126.74
전라남도,강진군,대구면,강진군 대구면 구수리 남호리 선착장,추락,,34.47654167,126.7915333
전라남도,강진군,도암면,강진군 도암면 용흥리 선착장,추락,,34.53853333,126.7677333
전라남도,강진군,칠량면,매자리식당 앞 해안가,추락,,34.54183333,126.792
전라남도,해남군,황산면,해남군 황산명 부곡리 성산항 방파제,추락,,34.534955,126.39155
전라남도,진도군,군내면,진도군 군내면 신동리 신동선착장,추락,,34.55537,126.30349
전라남도,완도군,노화읍,전남 완도군 노화읍 북고라,추락,,34.56850667,127.00281
전라남도,완도군,보길면,완도군 보길면 통리선착장 앞 ,추락,,34.153075,126.5739583
전라남도,진도군,고군면,고흥군 금산면 명천항,추락,,34.46916667,127.2245
전라남도,고흥군,금산면,전남 고흥군 금산면 금진항 2미터 ,추락,,34.48748,127.1206983
전라남도,고흥군,금산면,고흥군 금산면 신평 선착장,추락,,34.48805,127.1726767
전라남도,고흥군,도양읍,전남 고흥군 도양읍 소목리 남생리 마을 선착장,추락,,34.50217333,127.1095
전라남도,여수시,남면,여수시 남면 우학리 여남 초등학교 앞 도로,추락,,34.50660167,127.7599967
전라남도,고흥군,풍양면,고흥군 풍양면 풍남리 소재 부광수산 앞,추락,,34.51833333,127.24
전라남도,고흥군,도양읍,고흥군 도양읍 녹동여객선 터미널,추락,,34.5205,127.1395
전라남도,고흥군,도양읍,전남 고흥군 도양읍 봉암리 소재 금산 선착장,추락,,34.52216667,127.1343333
전라남도,고흥군,도양읍,고흥군 도양읍 녹동항 득량호 도선선착장,추락,,34.5225,127.1255
전라남도,여수시,남면,여수시 남면 금오도 여천마을 여객선 선착장,추락,,34.550265,127.7515767
전라남도,여수시,남면,여수시 남면 화태도 월전항 선착장,추락,,34.57333333,127.7355
전라남도,여수시,종화동,전남 고흥군 영남면 양화마을 선착장,추락,,34.58639,127.4555883
전라남도,여수시,돌산읍,여수시 돌산읍 소재 신기선착장 끝단,추락,,34.60064,127.7378567
전라남도,여수시,돌산읍,방죽포 방파제,추락,,34.623925,127.7901267
전라남도,고흥군,점암면,고흥군 점암면 여호항 여호위판소 앞,추락,,34.6575,127.4691667
전라남도,여수시,화양면,여수시 화양면 장수리 자매교회 앞 해안가,추락,,34.65083333,127.5746667
전라남도,보성군,회천면,전남 보성군 회천면 율포리 우암선착장 ,추락,,34.66853667,127.090385
전라남도,보성군,득량면,전남 보성군 득량면 비봉리 516-16번지 앞,추락,,34.70621667,127.1922167
전라남도,여수시,화양면,동방 약 70미터 도로변,추락,,34.72216667,127.5586667
전라남도,여수시,돌산읍,여수시 돌산읍 우두리 백초 여수마린 앞,추락,,34.72305,127.7384167
전라남도,여수시,돌산읍,여수시 돌산읍 돌산회 타운 앞,추락,,34.723495,127.73785
전라남도,여수시,소호로,여수시 소호동 디오션리조트 앞 ,추락,,34.726,127.6414167
전라남도,여수시,종화동,여수시 종화동 해양공원 앞,추락,,34.73615,127.7403667
전라남도,여수시,중아동,여수시 중앙동 이순신 광장 앞,추락,,34.73659333,127.7344633
전라남도,여수시,소호동,여수시 소호요트장 ,추락,,34.73662,127.6505033
전라남도,여수시,수정동,여수시 수정동 신항 통선부두,추락,,34.73866667,127.753
전라남도,여수시,웅천중앙로,여수시 웅천동 ~ 장도 연결 도로 ,추락,,34.741,127.659
전라남도,여수시,웅천동,여수시 웅천동 친수공원 앞 ,추락,,34.74245,127.6596333
전라남도,여수시,학동,여수시 학동 충무공 유적지(선소) 앞,추락,,34.75304167,127.6578967
전라남도,고흥군,남양면,고흥군 남양면 월정리 선착장,추락,,34.75115833,127.3866433
전라남도,고흥군,동강면,전남 고흥군 동강면 죽암리 325-1,추락,,34.774735,127.3857033
전라남도,여수시,삼일동,"1434, 신덕방파제 끝단",추락,,34.822465,127.7684367
전라남도,여수시,묘도,여수시 묘도 온동포구 옆 기름머리 선착장(묘도해산물),추락,,34.886,127.7411667
전라남도,광양시,금호동,전남 광양시 금호제철 어울림 체육관 인근,추락,,34.93823333,127.7183667
강원도,강릉시,주문진읍,주문진항 위판장 부근,추락,,37.88833333,128.825
강원도,강릉시,주문진읍,주문진항 내,추락,,37.89007167,128.8259783
강원도,강릉시,주문진읍,주문진 해변 약 50m,고립,,37.90541333,128.8193867
강원도,속초시,청호동,속초항 신수로 남방파제,추락,,38.200505,128.5915833
강원도,속초시,동명항길,속초시 속초항 여객선부두에서 전용부두 사이 10m ,추락,,38.206105,128.59
강원도,속초시,장사동,장사항 부두 활어센터,추락,,38.22275833,128.5865117
강원도,고성군,죽왕면,고성군 문암1리 항내,추락,,38.30171333,128.54246
강원도,고성군,현내면,초도항 내,추락,,38.48516667,128.4365
강원도,양양군,손양면,양양군 손양면 오산길 16-24(쏠비치 앞 방파제),추락,,38.08762,128.659515
경상북도,포항시,남구,구룡포항내 슬립웨이,추락,,35.98734333,129.5558333
경상북도,포항시,남구,포항시 남구 동해면 입암리 소재 백경횟집 옆,추락,,36.004705,129.4599
경상북도,포항시,남구,신항 74번선석,추락,,36.00913,129.40683
경상북도,포항시,남구,송도 형산강출장소 앞 해안가,추락,,36.02521833,129.3763783
경상북도,포항시,북구,경북 포항시 북구 흥해읍 월포리 소재 월포항,추락,,36.20466667,129.3716667
경상북도,영덕군,남정면,원척리 1박2일 펜션 앞,추락,,36.3005,129.3736667
경상북도,포항시,남구,포항 죽도시장 건너편 세잔베르체 앞,추락,,36.03478333,129.3692117
경상북도 ,포항시 ,북구,이어도 횟집 앞 ,추락,,36.05834,129.385855
경상북도,영덕군,축산읍,축산항 경북북부수협 위판장 앞 약 5미터 ,추락,,36.50566667,129.4501667
경상북도,울진군,오산읍,오산항 슬립웨이,추락,,36.88683333,129.4095
경상북도,포항시,북구,오도1리항 남쪽 약 500미터 절벽 해안,추락,,36.14283333,129.3921667
울산광역시,기장군,기장읍,부산 기장군 대변파출소 앞 209대성호 선미방향 10m ,추락,,35.22006,129.2250567
부산광역시,기장군,기장읍,두호 선착장 앞 ,추락,,35.23914333,129.2418633
부산광역시,기장군,일광면,이동방파제,추락,,35.26983333,129.2413333
부산광역시,기장군,장안읍,월내 출장소 앞 ,추락,,35.32166667,129.2728333
울산광역시,울주군,서생면,울주군 서생면 진하해수욕장 아성일마레 오피스텔 앞 ,추락,,35.38696667,129.3406333
울산광역시,동구,남진길,울산 동구 남진항 해수월드 앞 갯바위,추락,,35.475315,129.4170517
울산광역시,동구,중진2길,수협위판장 앞 ,추락,,35.48366667,129.4246667
울산광역시,동구,성끝길,방어동 수협위판장 앞 ,추락,,35.48374167,129.42474
울산광역시,동구,일산동,동구 일산해수욕장 민원봉사실 앞 모래사장,고립,,35.49016667,129.4253333
울산광역시,동구,일산동,일산해수욕장 앞 회센터 앞 ,추락,,35.493015,129.4343083
울산광역시,남구,장생포동,"일반부두, 작업차 이동중 부주의로  추락",추락,,35.5045,129.3856667
울산광역시,남구,장생포동,울산 장생포 한백트레이딩 앞 ,추락,,35.50065,129.3692
울산광역시,남구,장생포동,울산항 장생포 현대자동차 부두,추락,,35.52166667,129.3868333
부산광역시,사하구,다대동,부산 사하구 다대동 무지개공단 (주)EKI HI-TECH 앞 ,추락,,35.05183333,128.9545
부산광역시,사하구,다대동,동우조선소,추락,,35.05183333,128.9716667
부산광역시,영도구,태종로,한국해양대학교 실습선 앞 ,추락,,35.072695,129.0860583
부산광역시,영도구,동삼동,부산 영도구 동삼동 중리방파제 앞 ,추락,,35.067505,129.0592367
부산광역시,영도구,동삼동,부산 영도구 중리 소재 남고등학교 앞 ,추락,,35.0678,129.058895
부산광역시,서구,남부민동,현대타워 뒷편 통선장(물량장),추락,,35.0885,129.0218333
부산광역시,동구,충장대로,164(부산항 3부두),추락,,35.10990333,129.040645
부산광역시,남구,용호동,LG 메트로랜드 앞 ,추락,,35.13333333,129.1088333
부산광역시,수영구,광안해변로,광안대교(삼익비치아파트) 앞 ,추락,,35.13901667,129.1172833
부산광역시,수영구,광안해변로,부산 수영구 광안대교 하판 39번 교각 인근 ,추락,,35.1535,129.1355
부산광역시,해운대구,마린시티1로,해운대 티파니 유람선 선착장 앞 ,추락,,35.15383333,129.1425
부산광역시,수영구,광안해변로,광안리해수욕장 마리나 호텔 앞 ,추락,,35.15135,129.1174417
경상남도,남해군,상주면,남해군 상주면 금포마을 선착장 앞 ,추락,,34.71816667,128.0045
경상남도,통영시,산양읍,통영시 산양읍 달아항 선착장 ,추락,,34.75933333,128.403
경상남도,통영시,산양읍,통영시 산양읍 답하마을 입구 하천,추락,,34.7765,128.4258333
경상남도,통영시,산양읍,통영시 산양읍 신전리 오대양수산 옆 하천,추락,,34.78621167,128.419575
경상남도,통영시,한산도,"통영시 한산도 제승당 선착장 앞 여객선 뉴파라다이스(여객선, 197톤)",추락,,34.79,128.4701667
경상남도,통영시,사등면,통영시 한산면 소고포 카페리선착장(한산도-거제 어구)앞 ,추락,,34.79140667,128.487435
경상남도,거제시,일운면,거제시 일운면 와현 유람선 선착장,추락,,34.807,128.703
경상남도,거제시,일운면,거제시 구조라항내 세길수산 앞 안벽 접안 중 선박갑판상,추락,,34.80129167,128.42545
경상남도,거제시,둔덕면,거제시 둔덕면 어구 멍게하치장 30m앞 ,추락,,34.81896167,128.50349
경상남도,남해군,고현면,남해군 고현면 갈화리 방파제 앞 ,추락,,34.82129,128.535815
경상남도,통영시,미수동,통영시 미수동 소재 우성수산 앞 ,추락,,34.82163833,128.39012
경상남도,통영시,산양읍,통영시 산양면 풍화리 동부마을 선착장,추락,,34.82266667,128.3718333
경상남도,통영시,도남동,통영시 도남동 해양스포츠센터 인근,추락,,34.82316667,128.4338333
경상남도,통영시,미수동,통영시 미수동 해안도로 앞 ,추락,,34.82327333,128.3926983
경상남도,남해군,이동면,초음리 인근,추락,,34.82361,127.9398867
경상남도,통영시,미수동,통영시 미수동 동양냉동 앞,추락,,34.82361667,128.4000667
경상남도,통영시,항남동,통영시 항남동 한산호텔 앞 ,추락,,34.83706667,128.41984
경상남도,통영시,도천동,통영시 정량동 소재 세일철물상사 앞 ,추락,,34.83711333,128.4194533
경상남도,남해군,창선면,남해군 창선면 당저2리(해창마을) 방파제 인근 ,추락,,34.83752,128.0178983
경상남도,통영시,동호동,통영시 동호동 소재 통영수협1번냉동공장 앞 ,추락,,34.83787833,128.434445
경상남도,통영시,도산면,통영시 도산면 법송리 동원물산 앞,추락,,34.88746333,128.3718
경상남도,남해군,창선면,남해군 창선면 가인리 방파제 앞 ,추락,,34.88394333,128.0518283
경상남도,고성군,하일면,고성군 하이면 맥전포항 농수산저온창고 앞 7미터 해중,추락,,34.90024833,128.1589233
경상남도,거제시,사등면,거제시 사등면 모래실마을 물량장 크레인 앞 ,추락,,34.90296,128.5717533
경상남도,통영시,도산면,통영시 도산면 오륜리 소재 가오치 선착장,추락,,34.90433333,128.3193333
경상남도,거제시,옥포동,거제 덕포 해수욕장 앞,추락,,34.9074,128.7070333
경상남도,사천시,늑도동,삼펀포 늑도 방파제 ,추락,,34.92083333,128.0376667
경상남도,사천시,늑도동,사천시 늑도동 늑도항 동방파제,추락,,34.921805,128.0360883
경상남도,사천시,팔포3길,사천시 서금동 팔포 세종1호(사랑도 여객선 터미널),추락,,34.92216667,128.0745
경상남도,통영시,광도면,통영시 광도면 덕포리 적덕마을 앞 ,추락,,34.92233333,128.424
경상남도,하동군,금성면,하동군 금성면 갈사리 연막 선착장 현대횟집 앞 방파제,추락,,34.93768833,127.7847767
경상남도,거제시,장목면,거제시 장목면 장목리 장목항 ,추락,,34.98779667,128.6751917
경상남도,거제시,장목면,거제 구영여객선 선착장,추락,,35.02499667,128.6906267
경상남도,고성군,회화면,고성 당항포 어촌횟집 앞 ,추락,,35.05043833,128.3851283
경상남도,고성군,동해면,"고성군 동해면 외산리 920-6, 아침바다횟집 앞",추락,,35.057,128.439
경상남도,창원시,마산합포구,창원시 마산합포구 진전면 시락리 소포마을 경진횟집 앞 물양장,추락,,35.070435,128.45745
부산광역시,강서구,천성동,부산시 강서구 천성동 천성항 중앙방파제,추락,,35.02361833,128.8090283
경상남도,창원시,마산합포구,창원시 마산합포구 가포 신항부두 2선식 계류,추락,,35.18966667,128.5693333
경상남도,마산시,구산면,마산 구산면 욱곡 방파제 앞 20미터 ,추락,,35.09066667,128.5533333
경상남도,창원시,진해구,창원시 진해구 이동 선착장,추락,,35.12383333,128.6911667
제주특별자치도,제주시,한림읍,제주시 한림읍 금능리 금능어촌계회관 앞 물양장,추락,,33.38726667,126.2235
제주특별자치도,제주시,한림읍,제주시 한림읍 한수리포구 물양장(성동기계 앞 물양장),추락,,33.40823333,126.2543667
제주특별자치도,제주시,한림읍,한림항 한수리포구 대섬횟집과 한림조선소 사이 도로 100미터 곡각지점 아래 한수리 방파제(외해 바깥쪽),추락,,33.41963333,126.2569
제주특별자치도,제주시,한림읍,한림읍 소재 한수리 방파제 내측,추락,,33.42,126.2571667
제주특별자치도,제주시,한림읍,한림항내 이시돌 사료 공장 앞,추락,,33.41763333,126.2575167
제주특별자치도,제주시,한림읍,제주시 귀덕2리 방파제 앞 ,추락,,33.43923333,126.2740667
제주특별자치도,제주시,한림읍,귀덕1리 방파제 앞 ,추락,,33.44116667,126.2881667
제주특별자치도,제주시,애월읍,애월읍 애월항 북방파제 모래야적장 앞 ,추락,,33.46715,126.3216667
제주특별자치도,제주시,애월읍,애월항 서방파제 앞 3m (차량발견해점 물양장암벽 약 10m수중),추락,,33.467205,126.319835
제주특별자치도,제주시,애월읍,제주시 애월읍 소재 애월 해안로 하얀성 앞 갯바위,추락,,33.47365,126.3668833
제주특별자치도,제주시,한림읍,13:45경 상황실로부터 시간 미상경 애월항에 차량 1대가 추락하였다며 즉시 현장 출동 조치 요한다는 전화 접수,추락,,33.46775,126.32065
제주특별자치도,제주시,외도이동,의도1동 연대포구,추락,,33.49031667,126.4228
제주특별자치도,제주시,도두일동,도루항 마리나 슬립웨이(경사지) 앞 ,추락,,33.50426667,126.4583
제주특별자치도,제주시,건입동,제주항 2부두 남일호 우현 선수,추락,,33.51838333,126.5263833
제주특별자치도,제주시,건입동,제주항 57번 선석 앞 ,추락,,33.52080167,126.53748
제주특별자치도,제주시,건입동,제주시 제주항 5부두,추락,,33.52093333,126.5381167
제주특별자치도,제주시,화북동,제주시 화북동 화북포구내,추락,,33.52165,126.5585667
제주특별자치도,제주시,조천읍,동동노인정 앞 포구,추락,,33.53608333,126.6206167
제주특별자치도,제주시,함덕리,제주시 함덕리 함덕포구에서 차량 추락,추락,,33.54088333,126.65655
제주특별자치도,제주시,구좌읍,구좌읍 월정포구,추락,,33.5546,126.7902333
제주특별자치도,제주시,동김녕,동김녕항 해녀식당 앞 ,추락,,33.55514167,126.7529067
제주특별자치도,제주시,추자면,추자 신양항 동방파제 공사현장,추락,,33.93766667,126.3241667
제주특별자치도,제주시,추자면,추자면 신양리 쌍림파크 앞 해안가,추락,,33.93786667,126.30995
제주특별자치도,제주시,추자면,추자 신양항 남방파제,추락,,33.94040833,126.3237133
제주특별자치도,서귀포시,대정읍,서귀포시 대정읍 하모리 운진항 여객선 주차장,추락,,33.20566667,126.2546667
제주특별자치도,서귀포시,대정읍,운진항 소형어선 부두,추락,,33.20575,126.2546917
제주특별자치도,서귀포시,대정읍,수협어판장,추락,,33.20917833,126.2510517
제주특별자치도,서귀포시,대정읍,모슬포항 ,추락,,33.20991667,126.2502217
제주특별자치도,서귀포시,하모항구로,토요시장 인근 협성조선소 앞 ,추락,,33.21833333,126.2431667
제주특별자치도,서귀포시,안덕면,서귀포시 안덕면 사계항내,추락,,33.22361167,126.3035717
제주특별자치도,서귀포시,대정읍,모슬포항 항구식당 앞 ,추락,,33.21826833,126.2506417
제주특별자치도,서귀포시,안덕면,화순항 2부두,추락,,33.235135,126.333505
제주특별자치도,서귀포시,서귀동,서귀포항 6부두 외측 끝단,추락,,33.23532833,126.567425
제주특별자치도,서귀포시,서홍동,서귀포항,추락,,33.23692167,126.558265
제주특별자치도,서귀포시,칠십리로,서귀포수협 연쇄점 앞 ,추락,,33.23756,126.5567683
제주특별자치도,서귀포시,남성중로,서귀포항 서부두 앞 ,추락,,33.23766667,126.5555
제주특별자치도,서귀포시,서홍동,로즈마린 앞 포구,추락,,33.23877167,126.5560183
제주특별자치도,서귀포시,표선면,서귀포시 표선면 가마리 포구 동쪽방파제,고립,,33.30226833,126.8018333
제주특별자치도,서귀포시,성산읍,성산읍 신풍리 해안가 해녀출입로(신퐁포구 남서쪽 약300m),추락,,33.357005,126.86808
제주특별자치도,서귀포시,성산읍,서귀포시 성산읍 신산포구 내측 ,추락,,33.37584,126.8749317
제주특별자치도,서귀포시,성산읍,서귀포시 성산읍 온평리 환해장성로 531앞 해안,추락,,33.40238833,126.9022733
제주특별자치도,서귀포시,성산읍,서귀포 성산읍 섭지코지 앞 갯바위,추락,,33.42107,126.9251567
제주특별자치도,서귀포시,성산읍,성산읍 오조~시흥 사이 해안가(오조리 해녀의 집에서 시흥방향 300m지점),추락,,33.468595,126.9182633
제주특별자치도,서귀포시,성산읍,서귀포시 성산읍 오조리 한라전복 앞 도로(해안가),추락,,33.46933333,126.917
제주특별자치도,서귀포시,성산읍,성산 도항선 선착장 항내 차량 추락,추락,,33.4708,126.9336333
제주특별자치도,서귀포시,성산읍,서귀포시 성산읍 시흥하동로 112,추락,,33.47432167,126.9056783
제주특별자치도,제주시,우도면,제주도 제주시 우도면 하우목동항 도선 선착장,추락,,33.50560333,126.9384167
제주특별자치도,제주시,우도면,제주시 우도면 비양동 다리 입구 갯바위,고립,,33.50799667,126.9590517
제주특별자치도,제주시,우도면,삼양동 전경초소 남동쪽 50m 지점,고립,,33.52058833,126.9551317
제주특별자치도,제주시,우도면,오봉리 전흘동 망로해안가,추락,,33.51795333,126.9430333
